grupo,_Arrecadação,_Part na Arrecadação,Setor
FABRICAÇÃO DE PRODUTOS DERIVADOS DO PETRÓLEO,"R$ 5819940399,06","13,4%",Agronegócio
FABRICAÇÃO DE PRODUTOS DERIVADOS DO PETRÓLEO,"R$ 5819940399,06","13,4%",Comércio
FABRICAÇÃO DE PRODUTOS DERIVADOS DO PETRÓLEO,"R$ 5819940399,06","13,4%",Indústria
FABRICAÇÃO DE PRODUTOS DERIVADOS DO PETRÓLEO,"R$ 5819940399,06","13,4%",Serviços
"GERAÇÃO, TRANSMISSÃO E DISTRIBUIÇÃO DE ENERGIA ELÉTRICA","R$ 3054913377,65","7,0%",Agronegócio
"GERAÇÃO, TRANSMISSÃO E DISTRIBUIÇÃO DE ENERGIA ELÉTRICA","R$ 3054913377,65","7,0%",Comércio
"GERAÇÃO, TRANSMISSÃO E DISTRIBUIÇÃO DE ENERGIA ELÉTRICA","R$ 3054913377,65","7,0%",Indústria
"GERAÇÃO, TRANSMISSÃO E DISTRIBUIÇÃO DE ENERGIA ELÉTRICA","R$ 3054913377,65","7,0%",Serviços
COMÉRCIO ATACADISTA DE PRODUTOS DE CONSUMO NÃO ALIMENTAR,"R$ 2670317480,23","6,1%",Agronegócio
COMÉRCIO ATACADISTA DE PRODUTOS DE CONSUMO NÃO ALIMENTAR,"R$ 2670317480,23","6,1%",Comércio
COMÉRCIO ATACADISTA DE PRODUTOS DE CONSUMO NÃO ALIMENTAR,"R$ 2670317480,23","6,1%",Indústria
COMÉRCIO ATACADISTA DE PRODUTOS DE CONSUMO NÃO ALIMENTAR,"R$ 2670317480,23","6,1%",Serviços
"COMÉRCIO ATACADISTA ESPECIALIZADO EM PRODUTOS ALIMENTÍCIOS, BEBIDAS E FUMO","R$ 2462412281,19","5,7%",Agronegócio
"COMÉRCIO ATACADISTA ESPECIALIZADO EM PRODUTOS ALIMENTÍCIOS, BEBIDAS E FUMO","R$ 2462412281,19","5,7%",Comércio
"COMÉRCIO ATACADISTA ESPECIALIZADO EM PRODUTOS ALIMENTÍCIOS, BEBIDAS E FUMO","R$ 2462412281,19","5,7%",Indústria
"COMÉRCIO ATACADISTA ESPECIALIZADO EM PRODUTOS ALIMENTÍCIOS, BEBIDAS E FUMO","R$ 2462412281,19","5,7%",Serviços
COMÉRCIO VAREJISTA NÃO ESPECIALIZADO,"R$ 2384055814,71","5,5%",Agronegócio
COMÉRCIO VAREJISTA NÃO ESPECIALIZADO,"R$ 2384055814,71","5,5%",Comércio
COMÉRCIO VAREJISTA NÃO ESPECIALIZADO,"R$ 2384055814,71","5,5%",Indústria
COMÉRCIO VAREJISTA NÃO ESPECIALIZADO,"R$ 2384055814,71","5,5%",Serviços
FABRICAÇÃO DE BEBIDAS ALCOÓLICAS,"R$ 1806570186,54","4,1%",Agronegócio
FABRICAÇÃO DE BEBIDAS ALCOÓLICAS,"R$ 1806570186,54","4,1%",Comércio
FABRICAÇÃO DE BEBIDAS ALCOÓLICAS,"R$ 1806570186,54","4,1%",Indústria
FABRICAÇÃO DE BEBIDAS ALCOÓLICAS,"R$ 1806570186,54","4,1%",Serviços
COMÉRCIO VAREJISTA DE PRODUTOS NOVOS NÃO ESPECIFICADOS ANTERIORMENTE E DE PRODUTOS USADOS,"R$ 1443260400,54","3,3%",Agronegócio
COMÉRCIO VAREJISTA DE PRODUTOS NOVOS NÃO ESPECIFICADOS ANTERIORMENTE E DE PRODUTOS USADOS,"R$ 1443260400,54","3,3%",Comércio
COMÉRCIO VAREJISTA DE PRODUTOS NOVOS NÃO ESPECIFICADOS ANTERIORMENTE E DE PRODUTOS USADOS,"R$ 1443260400,54","3,3%",Indústria
COMÉRCIO VAREJISTA DE PRODUTOS NOVOS NÃO ESPECIFICADOS ANTERIORMENTE E DE PRODUTOS USADOS,"R$ 1443260400,54","3,3%",Serviços
COMÉRCIO ATACADISTA ESPECIALIZADO EM OUTROS PRODUTOS,"R$ 1267121003,96","2,9%",Agronegócio
COMÉRCIO ATACADISTA ESPECIALIZADO EM OUTROS PRODUTOS,"R$ 1267121003,96","2,9%",Comércio
COMÉRCIO ATACADISTA ESPECIALIZADO EM OUTROS PRODUTOS,"R$ 1267121003,96","2,9%",Indústria
COMÉRCIO ATACADISTA ESPECIALIZADO EM OUTROS PRODUTOS,"R$ 1267121003,96","2,9%",Serviços
FABRICAÇÃO DE BEBIDAS NÃO ALCOÓLICAS,"R$ 1090041403,66","2,5%",Agronegócio
FABRICAÇÃO DE BEBIDAS NÃO ALCOÓLICAS,"R$ 1090041403,66","2,5%",Comércio
FABRICAÇÃO DE BEBIDAS NÃO ALCOÓLICAS,"R$ 1090041403,66","2,5%",Indústria
FABRICAÇÃO DE BEBIDAS NÃO ALCOÓLICAS,"R$ 1090041403,66","2,5%",Serviços
"MOAGEM, FABRICAÇÃO DE PRODUTOS AMILÁCEOS E DE ALIMENTOS PARA ANIMAIS","R$ 1072586975,37","2,5%",Agronegócio
"MOAGEM, FABRICAÇÃO DE PRODUTOS AMILÁCEOS E DE ALIMENTOS PARA ANIMAIS","R$ 1072586975,37","2,5%",Comércio
"MOAGEM, FABRICAÇÃO DE PRODUTOS AMILÁCEOS E DE ALIMENTOS PARA ANIMAIS","R$ 1072586975,37","2,5%",Indústria
"MOAGEM, FABRICAÇÃO DE PRODUTOS AMILÁCEOS E DE ALIMENTOS PARA ANIMAIS","R$ 1072586975,37","2,5%",Serviços
COMÉRCIO VAREJISTA DE EQUIPAMENTOS DE INFORMÁTICA E COMUNICAÇÃO; EQUIPAMENTOS E ARTIGOS DE USO DOMÉSTICO,"R$ 908245143,80","2,1%",Agronegócio
COMÉRCIO VAREJISTA DE EQUIPAMENTOS DE INFORMÁTICA E COMUNICAÇÃO; EQUIPAMENTOS E ARTIGOS DE USO DOMÉSTICO,"R$ 908245143,80","2,1%",Comércio
COMÉRCIO VAREJISTA DE EQUIPAMENTOS DE INFORMÁTICA E COMUNICAÇÃO; EQUIPAMENTOS E ARTIGOS DE USO DOMÉSTICO,"R$ 908245143,80","2,1%",Indústria
COMÉRCIO VAREJISTA DE EQUIPAMENTOS DE INFORMÁTICA E COMUNICAÇÃO; EQUIPAMENTOS E ARTIGOS DE USO DOMÉSTICO,"R$ 908245143,80","2,1%",Serviços
TRANSPORTE RODOVIÁRIO DE CARGA,"R$ 887120791,55","2,0%",Agronegócio
TRANSPORTE RODOVIÁRIO DE CARGA,"R$ 887120791,55","2,0%",Comércio
TRANSPORTE RODOVIÁRIO DE CARGA,"R$ 887120791,55","2,0%",Indústria
TRANSPORTE RODOVIÁRIO DE CARGA,"R$ 887120791,55","2,0%",Serviços
FABRICAÇÃO DE PEÇAS E ACESSÓRIOS PARA VEÍCULOS AUTOMOTORES,"R$ 745056304,00","1,7%",Agronegócio
FABRICAÇÃO DE PEÇAS E ACESSÓRIOS PARA VEÍCULOS AUTOMOTORES,"R$ 745056304,00","1,7%",Comércio
FABRICAÇÃO DE PEÇAS E ACESSÓRIOS PARA VEÍCULOS AUTOMOTORES,"R$ 745056304,00","1,7%",Indústria
FABRICAÇÃO DE PEÇAS E ACESSÓRIOS PARA VEÍCULOS AUTOMOTORES,"R$ 745056304,00","1,7%",Serviços
FABRICAÇÃO DE TRATORES E DE MÁQUINAS E EQUIPAMENTOS PARA A AGRICULTURA E PECUÁRIA,"R$ 738459319,33","1,7%",Agronegócio
FABRICAÇÃO DE TRATORES E DE MÁQUINAS E EQUIPAMENTOS PARA A AGRICULTURA E PECUÁRIA,"R$ 738459319,33","1,7%",Comércio
FABRICAÇÃO DE TRATORES E DE MÁQUINAS E EQUIPAMENTOS PARA A AGRICULTURA E PECUÁRIA,"R$ 738459319,33","1,7%",Indústria
FABRICAÇÃO DE TRATORES E DE MÁQUINAS E EQUIPAMENTOS PARA A AGRICULTURA E PECUÁRIA,"R$ 738459319,33","1,7%",Serviços
FABRICAÇÃO DE PRODUTOS DE MATERIAL PLÁSTICO,"R$ 730389414,93","1,7%",Agronegócio
FABRICAÇÃO DE PRODUTOS DE MATERIAL PLÁSTICO,"R$ 730389414,93","1,7%",Comércio
FABRICAÇÃO DE PRODUTOS DE MATERIAL PLÁSTICO,"R$ 730389414,93","1,7%",Indústria
FABRICAÇÃO DE PRODUTOS DE MATERIAL PLÁSTICO,"R$ 730389414,93","1,7%",Serviços
TELECOMUNICAÇÕES POR FIO,"R$ 679797570,79","1,6%",Agronegócio
TELECOMUNICAÇÕES POR FIO,"R$ 679797570,79","1,6%",Comércio
TELECOMUNICAÇÕES POR FIO,"R$ 679797570,79","1,6%",Indústria
TELECOMUNICAÇÕES POR FIO,"R$ 679797570,79","1,6%",Serviços
"FABRICAÇÃO DE AUTOMÓVEIS, CAMIONETAS E UTILITÁRIOS","R$ 653219875,12","1,5%",Agronegócio
"FABRICAÇÃO DE AUTOMÓVEIS, CAMIONETAS E UTILITÁRIOS","R$ 653219875,12","1,5%",Comércio
"FABRICAÇÃO DE AUTOMÓVEIS, CAMIONETAS E UTILITÁRIOS","R$ 653219875,12","1,5%",Indústria
"FABRICAÇÃO DE AUTOMÓVEIS, CAMIONETAS E UTILITÁRIOS","R$ 653219875,12","1,5%",Serviços
COMÉRCIO DE PEÇAS E ACESSÓRIOS PARA VEÍCULOS AUTOMOTORES,"R$ 651941879,41","1,5%",Agronegócio
COMÉRCIO DE PEÇAS E ACESSÓRIOS PARA VEÍCULOS AUTOMOTORES,"R$ 651941879,41","1,5%",Comércio
COMÉRCIO DE PEÇAS E ACESSÓRIOS PARA VEÍCULOS AUTOMOTORES,"R$ 651941879,41","1,5%",Indústria
COMÉRCIO DE PEÇAS E ACESSÓRIOS PARA VEÍCULOS AUTOMOTORES,"R$ 651941879,41","1,5%",Serviços
COMÉRCIO VAREJISTA DE MATERIAL DE CONSTRUÇÃO,"R$ 649507844,91","1,5%",Agronegócio
COMÉRCIO VAREJISTA DE MATERIAL DE CONSTRUÇÃO,"R$ 649507844,91","1,5%",Comércio
COMÉRCIO VAREJISTA DE MATERIAL DE CONSTRUÇÃO,"R$ 649507844,91","1,5%",Indústria
COMÉRCIO VAREJISTA DE MATERIAL DE CONSTRUÇÃO,"R$ 649507844,91","1,5%",Serviços
COMÉRCIO DE VEÍCULOS AUTOMOTORES,"R$ 536705019,93","1,2%",Agronegócio
COMÉRCIO DE VEÍCULOS AUTOMOTORES,"R$ 536705019,93","1,2%",Comércio
COMÉRCIO DE VEÍCULOS AUTOMOTORES,"R$ 536705019,93","1,2%",Indústria
COMÉRCIO DE VEÍCULOS AUTOMOTORES,"R$ 536705019,93","1,2%",Serviços
FABRICAÇÃO DE RESINAS E ELASTÔMEROS,"R$ 474683735,39","1,1%",Agronegócio
FABRICAÇÃO DE RESINAS E ELASTÔMEROS,"R$ 474683735,39","1,1%",Comércio
FABRICAÇÃO DE RESINAS E ELASTÔMEROS,"R$ 474683735,39","1,1%",Indústria
FABRICAÇÃO DE RESINAS E ELASTÔMEROS,"R$ 474683735,39","1,1%",Serviços
"COMÉRCIO ATACADISTA DE MADEIRA, FERRAGENS, FERRAMENTAS, MATERIAL ELÉTRICO E MATERIAL DE CONSTRUÇÃO","R$ 448413823,24","1,0%",Agronegócio
"COMÉRCIO ATACADISTA DE MADEIRA, FERRAGENS, FERRAMENTAS, MATERIAL ELÉTRICO E MATERIAL DE CONSTRUÇÃO","R$ 448413823,24","1,0%",Comércio
"COMÉRCIO ATACADISTA DE MADEIRA, FERRAGENS, FERRAMENTAS, MATERIAL ELÉTRICO E MATERIAL DE CONSTRUÇÃO","R$ 448413823,24","1,0%",Indústria
"COMÉRCIO ATACADISTA DE MADEIRA, FERRAGENS, FERRAMENTAS, MATERIAL ELÉTRICO E MATERIAL DE CONSTRUÇÃO","R$ 448413823,24","1,0%",Serviços
ABATE E FABRICAÇÃO DE PRODUTOS DE CARNE,"R$ 435585212,22","1,0%",Agronegócio
ABATE E FABRICAÇÃO DE PRODUTOS DE CARNE,"R$ 435585212,22","1,0%",Comércio
ABATE E FABRICAÇÃO DE PRODUTOS DE CARNE,"R$ 435585212,22","1,0%",Indústria
ABATE E FABRICAÇÃO DE PRODUTOS DE CARNE,"R$ 435585212,22","1,0%",Serviços
FABRICAÇÃO DE PRODUTOS DE METAL NÃO ESPECIFICADOS ANTERIORMENTE,"R$ 420037374,25","1,0%",Agronegócio
FABRICAÇÃO DE PRODUTOS DE METAL NÃO ESPECIFICADOS ANTERIORMENTE,"R$ 420037374,25","1,0%",Comércio
FABRICAÇÃO DE PRODUTOS DE METAL NÃO ESPECIFICADOS ANTERIORMENTE,"R$ 420037374,25","1,0%",Indústria
FABRICAÇÃO DE PRODUTOS DE METAL NÃO ESPECIFICADOS ANTERIORMENTE,"R$ 420037374,25","1,0%",Serviços
FABRICAÇÃO DE PRODUTOS QUÍMICOS ORGÂNICOS,"R$ 404392224,01","0,9%",Agronegócio
FABRICAÇÃO DE PRODUTOS QUÍMICOS ORGÂNICOS,"R$ 404392224,01","0,9%",Comércio
FABRICAÇÃO DE PRODUTOS QUÍMICOS ORGÂNICOS,"R$ 404392224,01","0,9%",Indústria
FABRICAÇÃO DE PRODUTOS QUÍMICOS ORGÂNICOS,"R$ 404392224,01","0,9%",Serviços
"COMÉRCIO VAREJISTA DE PRODUTOS FARMACÊUTICOS, PERFUMARIA E COSMÉTICOS E ARTIGOS MÉDICOS, ÓPTICOS E ORTOPÉDICOS","R$ 400600369,98","0,9%",Agronegócio
"COMÉRCIO VAREJISTA DE PRODUTOS FARMACÊUTICOS, PERFUMARIA E COSMÉTICOS E ARTIGOS MÉDICOS, ÓPTICOS E ORTOPÉDICOS","R$ 400600369,98","0,9%",Comércio
"COMÉRCIO VAREJISTA DE PRODUTOS FARMACÊUTICOS, PERFUMARIA E COSMÉTICOS E ARTIGOS MÉDICOS, ÓPTICOS E ORTOPÉDICOS","R$ 400600369,98","0,9%",Indústria
"COMÉRCIO VAREJISTA DE PRODUTOS FARMACÊUTICOS, PERFUMARIA E COSMÉTICOS E ARTIGOS MÉDICOS, ÓPTICOS E ORTOPÉDICOS","R$ 400600369,98","0,9%",Serviços
"COMÉRCIO ATACADISTA DE MÁQUINAS, APARELHOS E EQUIPAMENTOS, EXCETO DE TECNOLOGIAS DE INFORMAÇÃO E COMUNICAÇÃO","R$ 399732526,60","0,9%",Agronegócio
"COMÉRCIO ATACADISTA DE MÁQUINAS, APARELHOS E EQUIPAMENTOS, EXCETO DE TECNOLOGIAS DE INFORMAÇÃO E COMUNICAÇÃO","R$ 399732526,60","0,9%",Comércio
"COMÉRCIO ATACADISTA DE MÁQUINAS, APARELHOS E EQUIPAMENTOS, EXCETO DE TECNOLOGIAS DE INFORMAÇÃO E COMUNICAÇÃO","R$ 399732526,60","0,9%",Indústria
"COMÉRCIO ATACADISTA DE MÁQUINAS, APARELHOS E EQUIPAMENTOS, EXCETO DE TECNOLOGIAS DE INFORMAÇÃO E COMUNICAÇÃO","R$ 399732526,60","0,9%",Serviços
FABRICAÇÃO DE MÓVEIS,"R$ 384093855,11","0,9%",Agronegócio
FABRICAÇÃO DE MÓVEIS,"R$ 384093855,11","0,9%",Comércio
FABRICAÇÃO DE MÓVEIS,"R$ 384093855,11","0,9%",Indústria
FABRICAÇÃO DE MÓVEIS,"R$ 384093855,11","0,9%",Serviços
FABRICAÇÃO DE PRODUTOS QUÍMICOS INORGÂNICOS,"R$ 372460550,69","0,9%",Agronegócio
FABRICAÇÃO DE PRODUTOS QUÍMICOS INORGÂNICOS,"R$ 372460550,69","0,9%",Comércio
FABRICAÇÃO DE PRODUTOS QUÍMICOS INORGÂNICOS,"R$ 372460550,69","0,9%",Indústria
FABRICAÇÃO DE PRODUTOS QUÍMICOS INORGÂNICOS,"R$ 372460550,69","0,9%",Serviços
FABRICAÇÃO DE CALÇADOS,"R$ 366943756,22","0,8%",Agronegócio
FABRICAÇÃO DE CALÇADOS,"R$ 366943756,22","0,8%",Comércio
FABRICAÇÃO DE CALÇADOS,"R$ 366943756,22","0,8%",Indústria
FABRICAÇÃO DE CALÇADOS,"R$ 366943756,22","0,8%",Serviços
TELECOMUNICAÇÕES SEM FIO,"R$ 360893620,62","0,8%",Agronegócio
TELECOMUNICAÇÕES SEM FIO,"R$ 360893620,62","0,8%",Comércio
TELECOMUNICAÇÕES SEM FIO,"R$ 360893620,62","0,8%",Indústria
TELECOMUNICAÇÕES SEM FIO,"R$ 360893620,62","0,8%",Serviços
LATICÍNIOS,"R$ 352033167,31","0,8%",Agronegócio
LATICÍNIOS,"R$ 352033167,31","0,8%",Comércio
LATICÍNIOS,"R$ 352033167,31","0,8%",Indústria
LATICÍNIOS,"R$ 352033167,31","0,8%",Serviços
FABRICAÇÃO DE OUTROS PRODUTOS ALIMENTÍCIOS,"R$ 327602455,84","0,8%",Agronegócio
FABRICAÇÃO DE OUTROS PRODUTOS ALIMENTÍCIOS,"R$ 327602455,84","0,8%",Comércio
FABRICAÇÃO DE OUTROS PRODUTOS ALIMENTÍCIOS,"R$ 327602455,84","0,8%",Indústria
FABRICAÇÃO DE OUTROS PRODUTOS ALIMENTÍCIOS,"R$ 327602455,84","0,8%",Serviços
FABRICAÇÃO DE PRODUTOS DE BORRACHA,"R$ 326764679,64","0,8%",Agronegócio
FABRICAÇÃO DE PRODUTOS DE BORRACHA,"R$ 326764679,64","0,8%",Comércio
FABRICAÇÃO DE PRODUTOS DE BORRACHA,"R$ 326764679,64","0,8%",Indústria
FABRICAÇÃO DE PRODUTOS DE BORRACHA,"R$ 326764679,64","0,8%",Serviços
RESTAURANTES E OUTROS SERVIÇOS DE ALIMENTAÇÃO E BEBIDAS,"R$ 324892343,24","0,7%",Agronegócio
RESTAURANTES E OUTROS SERVIÇOS DE ALIMENTAÇÃO E BEBIDAS,"R$ 324892343,24","0,7%",Comércio
RESTAURANTES E OUTROS SERVIÇOS DE ALIMENTAÇÃO E BEBIDAS,"R$ 324892343,24","0,7%",Indústria
RESTAURANTES E OUTROS SERVIÇOS DE ALIMENTAÇÃO E BEBIDAS,"R$ 324892343,24","0,7%",Serviços
COMÉRCIO ATACADISTA DE MATÉRIAS-PRIMAS AGRÍCOLAS E ANIMAIS VIVOS,"R$ 304351993,13","0,7%",Agronegócio
COMÉRCIO ATACADISTA DE MATÉRIAS-PRIMAS AGRÍCOLAS E ANIMAIS VIVOS,"R$ 304351993,13","0,7%",Comércio
COMÉRCIO ATACADISTA DE MATÉRIAS-PRIMAS AGRÍCOLAS E ANIMAIS VIVOS,"R$ 304351993,13","0,7%",Indústria
COMÉRCIO ATACADISTA DE MATÉRIAS-PRIMAS AGRÍCOLAS E ANIMAIS VIVOS,"R$ 304351993,13","0,7%",Serviços
"COMÉRCIO VAREJISTA DE PRODUTOS ALIMENTÍCIOS, BEBIDAS E FUMO","R$ 295623581,90","0,7%",Agronegócio
"COMÉRCIO VAREJISTA DE PRODUTOS ALIMENTÍCIOS, BEBIDAS E FUMO","R$ 295623581,90","0,7%",Comércio
"COMÉRCIO VAREJISTA DE PRODUTOS ALIMENTÍCIOS, BEBIDAS E FUMO","R$ 295623581,90","0,7%",Indústria
"COMÉRCIO VAREJISTA DE PRODUTOS ALIMENTÍCIOS, BEBIDAS E FUMO","R$ 295623581,90","0,7%",Serviços
"COMÉRCIO VAREJISTA DE ARTIGOS CULTURAIS, RECREATIVOS E ESPORTIVOS","R$ 257519372,03","0,6%",Agronegócio
"COMÉRCIO VAREJISTA DE ARTIGOS CULTURAIS, RECREATIVOS E ESPORTIVOS","R$ 257519372,03","0,6%",Comércio
"COMÉRCIO VAREJISTA DE ARTIGOS CULTURAIS, RECREATIVOS E ESPORTIVOS","R$ 257519372,03","0,6%",Indústria
"COMÉRCIO VAREJISTA DE ARTIGOS CULTURAIS, RECREATIVOS E ESPORTIVOS","R$ 257519372,03","0,6%",Serviços
"FABRICAÇÃO DE TINTAS, VERNIZES, ESMALTES, LACAS E PRODUTOS AFINS","R$ 249306649,28","0,6%",Agronegócio
"FABRICAÇÃO DE TINTAS, VERNIZES, ESMALTES, LACAS E PRODUTOS AFINS","R$ 249306649,28","0,6%",Comércio
"FABRICAÇÃO DE TINTAS, VERNIZES, ESMALTES, LACAS E PRODUTOS AFINS","R$ 249306649,28","0,6%",Indústria
"FABRICAÇÃO DE TINTAS, VERNIZES, ESMALTES, LACAS E PRODUTOS AFINS","R$ 249306649,28","0,6%",Serviços
FABRICAÇÃO DE MÁQUINAS E EQUIPAMENTOS DE USO GERAL,"R$ 247978636,80","0,6%",Agronegócio
FABRICAÇÃO DE MÁQUINAS E EQUIPAMENTOS DE USO GERAL,"R$ 247978636,80","0,6%",Comércio
FABRICAÇÃO DE MÁQUINAS E EQUIPAMENTOS DE USO GERAL,"R$ 247978636,80","0,6%",Indústria
FABRICAÇÃO DE MÁQUINAS E EQUIPAMENTOS DE USO GERAL,"R$ 247978636,80","0,6%",Serviços
SIDERURGIA,"R$ 225588823,60","0,5%",Agronegócio
SIDERURGIA,"R$ 225588823,60","0,5%",Comércio
SIDERURGIA,"R$ 225588823,60","0,5%",Indústria
SIDERURGIA,"R$ 225588823,60","0,5%",Serviços
PRODUÇÃO DE LAVOURAS TEMPORÁRIAS,"R$ 219035704,68","0,5%",Agronegócio
PRODUÇÃO DE LAVOURAS TEMPORÁRIAS,"R$ 219035704,68","0,5%",Comércio
PRODUÇÃO DE LAVOURAS TEMPORÁRIAS,"R$ 219035704,68","0,5%",Indústria
PRODUÇÃO DE LAVOURAS TEMPORÁRIAS,"R$ 219035704,68","0,5%",Serviços
FABRICAÇÃO DE BIOCOMBUSTÍVEIS,"R$ 212571257,43","0,5%",Agronegócio
FABRICAÇÃO DE BIOCOMBUSTÍVEIS,"R$ 212571257,43","0,5%",Comércio
FABRICAÇÃO DE BIOCOMBUSTÍVEIS,"R$ 212571257,43","0,5%",Indústria
FABRICAÇÃO DE BIOCOMBUSTÍVEIS,"R$ 212571257,43","0,5%",Serviços
COMÉRCIO ATACADISTA NÃO ESPECIALIZADO,"R$ 203996222,50","0,5%",Agronegócio
COMÉRCIO ATACADISTA NÃO ESPECIALIZADO,"R$ 203996222,50","0,5%",Comércio
COMÉRCIO ATACADISTA NÃO ESPECIALIZADO,"R$ 203996222,50","0,5%",Indústria
COMÉRCIO ATACADISTA NÃO ESPECIALIZADO,"R$ 203996222,50","0,5%",Serviços
"FABRICAÇÃO DE EMBALAGENS DE PAPEL, CARTOLINA, PAPEL-CARTÃO E PAPELÃO ONDULADO","R$ 194002098,34","0,4%",Agronegócio
"FABRICAÇÃO DE EMBALAGENS DE PAPEL, CARTOLINA, PAPEL-CARTÃO E PAPELÃO ONDULADO","R$ 194002098,34","0,4%",Comércio
"FABRICAÇÃO DE EMBALAGENS DE PAPEL, CARTOLINA, PAPEL-CARTÃO E PAPELÃO ONDULADO","R$ 194002098,34","0,4%",Indústria
"FABRICAÇÃO DE EMBALAGENS DE PAPEL, CARTOLINA, PAPEL-CARTÃO E PAPELÃO ONDULADO","R$ 194002098,34","0,4%",Serviços
FABRICAÇÃO DE CIMENTO,"R$ 190326007,68","0,4%",Agronegócio
FABRICAÇÃO DE CIMENTO,"R$ 190326007,68","0,4%",Comércio
FABRICAÇÃO DE CIMENTO,"R$ 190326007,68","0,4%",Indústria
FABRICAÇÃO DE CIMENTO,"R$ 190326007,68","0,4%",Serviços
"FABRICAÇÃO DE MOTORES, BOMBAS, COMPRESSORES E EQUIPAMENTOS DE TRANSMISSÃO","R$ 188988807,81","0,4%",Agronegócio
"FABRICAÇÃO DE MOTORES, BOMBAS, COMPRESSORES E EQUIPAMENTOS DE TRANSMISSÃO","R$ 188988807,81","0,4%",Comércio
"FABRICAÇÃO DE MOTORES, BOMBAS, COMPRESSORES E EQUIPAMENTOS DE TRANSMISSÃO","R$ 188988807,81","0,4%",Indústria
"FABRICAÇÃO DE MOTORES, BOMBAS, COMPRESSORES E EQUIPAMENTOS DE TRANSMISSÃO","R$ 188988807,81","0,4%",Serviços
FABRICAÇÃO DE PRODUTOS E PREPARADOS QUÍMICOS DIVERSOS,"R$ 180186729,15","0,4%",Agronegócio
FABRICAÇÃO DE PRODUTOS E PREPARADOS QUÍMICOS DIVERSOS,"R$ 180186729,15","0,4%",Comércio
FABRICAÇÃO DE PRODUTOS E PREPARADOS QUÍMICOS DIVERSOS,"R$ 180186729,15","0,4%",Indústria
FABRICAÇÃO DE PRODUTOS E PREPARADOS QUÍMICOS DIVERSOS,"R$ 180186729,15","0,4%",Serviços
"FABRICAÇÃO DE SABÕES, DETERGENTES, PRODUTOS DE LIMPEZA, COSMÉTICOS, PRODUTOS DE PERFUMARIA E DE HIGIENE PESSOAL","R$ 177749354,49","0,4%",Agronegócio
"FABRICAÇÃO DE SABÕES, DETERGENTES, PRODUTOS DE LIMPEZA, COSMÉTICOS, PRODUTOS DE PERFUMARIA E DE HIGIENE PESSOAL","R$ 177749354,49","0,4%",Comércio
"FABRICAÇÃO DE SABÕES, DETERGENTES, PRODUTOS DE LIMPEZA, COSMÉTICOS, PRODUTOS DE PERFUMARIA E DE HIGIENE PESSOAL","R$ 177749354,49","0,4%",Indústria
"FABRICAÇÃO DE SABÕES, DETERGENTES, PRODUTOS DE LIMPEZA, COSMÉTICOS, PRODUTOS DE PERFUMARIA E DE HIGIENE PESSOAL","R$ 177749354,49","0,4%",Serviços
"FABRICAÇÃO DE ARTIGOS DE CUTELARIA, DE SERRALHERIA E FERRAMENTAS","R$ 168739346,09","0,4%",Agronegócio
"FABRICAÇÃO DE ARTIGOS DE CUTELARIA, DE SERRALHERIA E FERRAMENTAS","R$ 168739346,09","0,4%",Comércio
"FABRICAÇÃO DE ARTIGOS DE CUTELARIA, DE SERRALHERIA E FERRAMENTAS","R$ 168739346,09","0,4%",Indústria
"FABRICAÇÃO DE ARTIGOS DE CUTELARIA, DE SERRALHERIA E FERRAMENTAS","R$ 168739346,09","0,4%",Serviços
FABRICAÇÃO DE MÁQUINAS E EQUIPAMENTOS DE USO INDUSTRIAL ESPECÍFICO,"R$ 153689515,08","0,4%",Agronegócio
FABRICAÇÃO DE MÁQUINAS E EQUIPAMENTOS DE USO INDUSTRIAL ESPECÍFICO,"R$ 153689515,08","0,4%",Comércio
FABRICAÇÃO DE MÁQUINAS E EQUIPAMENTOS DE USO INDUSTRIAL ESPECÍFICO,"R$ 153689515,08","0,4%",Indústria
FABRICAÇÃO DE MÁQUINAS E EQUIPAMENTOS DE USO INDUSTRIAL ESPECÍFICO,"R$ 153689515,08","0,4%",Serviços
"FABRICAÇÃO DE PRODUTOS DE MADEIRA, CORTIÇA E MATERIAL TRANÇADO, EXCETO MÓVEIS","R$ 144633517,81","0,3%",Agronegócio
"FABRICAÇÃO DE PRODUTOS DE MADEIRA, CORTIÇA E MATERIAL TRANÇADO, EXCETO MÓVEIS","R$ 144633517,81","0,3%",Comércio
"FABRICAÇÃO DE PRODUTOS DE MADEIRA, CORTIÇA E MATERIAL TRANÇADO, EXCETO MÓVEIS","R$ 144633517,81","0,3%",Indústria
"FABRICAÇÃO DE PRODUTOS DE MADEIRA, CORTIÇA E MATERIAL TRANÇADO, EXCETO MÓVEIS","R$ 144633517,81","0,3%",Serviços
"FABRICAÇÃO DE PRODUTOS DIVERSOS DE PAPEL, CARTOLINA, PAPEL-CARTÃO E PAPELÃO ONDULADO","R$ 144282272,08","0,3%",Agronegócio
"FABRICAÇÃO DE PRODUTOS DIVERSOS DE PAPEL, CARTOLINA, PAPEL-CARTÃO E PAPELÃO ONDULADO","R$ 144282272,08","0,3%",Comércio
"FABRICAÇÃO DE PRODUTOS DIVERSOS DE PAPEL, CARTOLINA, PAPEL-CARTÃO E PAPELÃO ONDULADO","R$ 144282272,08","0,3%",Indústria
"FABRICAÇÃO DE PRODUTOS DIVERSOS DE PAPEL, CARTOLINA, PAPEL-CARTÃO E PAPELÃO ONDULADO","R$ 144282272,08","0,3%",Serviços
"FABRICAÇÃO DE ARTEFATOS DE CONCRETO, CIMENTO, FIBROCIMENTO, GESSO E MATERIAIS SEMELHANTES","R$ 142649716,97","0,3%",Agronegócio
"FABRICAÇÃO DE ARTEFATOS DE CONCRETO, CIMENTO, FIBROCIMENTO, GESSO E MATERIAIS SEMELHANTES","R$ 142649716,97","0,3%",Comércio
"FABRICAÇÃO DE ARTEFATOS DE CONCRETO, CIMENTO, FIBROCIMENTO, GESSO E MATERIAIS SEMELHANTES","R$ 142649716,97","0,3%",Indústria
"FABRICAÇÃO DE ARTEFATOS DE CONCRETO, CIMENTO, FIBROCIMENTO, GESSO E MATERIAIS SEMELHANTES","R$ 142649716,97","0,3%",Serviços
FABRICAÇÃO DE PRODUTOS DIVERSOS,"R$ 136851774,31","0,3%",Agronegócio
FABRICAÇÃO DE PRODUTOS DIVERSOS,"R$ 136851774,31","0,3%",Comércio
FABRICAÇÃO DE PRODUTOS DIVERSOS,"R$ 136851774,31","0,3%",Indústria
FABRICAÇÃO DE PRODUTOS DIVERSOS,"R$ 136851774,31","0,3%",Serviços
"FABRICAÇÃO DE CONSERVAS DE FRUTAS, LEGUMES E OUTROS VEGETAIS","R$ 124786907,72","0,3%",Agronegócio
"FABRICAÇÃO DE CONSERVAS DE FRUTAS, LEGUMES E OUTROS VEGETAIS","R$ 124786907,72","0,3%",Comércio
"FABRICAÇÃO DE CONSERVAS DE FRUTAS, LEGUMES E OUTROS VEGETAIS","R$ 124786907,72","0,3%",Indústria
"FABRICAÇÃO DE CONSERVAS DE FRUTAS, LEGUMES E OUTROS VEGETAIS","R$ 124786907,72","0,3%",Serviços
CONFECÇÃO DE ARTIGOS DO VESTUÁRIO E ACESSÓRIOS,"R$ 122497411,73","0,3%",Agronegócio
CONFECÇÃO DE ARTIGOS DO VESTUÁRIO E ACESSÓRIOS,"R$ 122497411,73","0,3%",Comércio
CONFECÇÃO DE ARTIGOS DO VESTUÁRIO E ACESSÓRIOS,"R$ 122497411,73","0,3%",Indústria
CONFECÇÃO DE ARTIGOS DO VESTUÁRIO E ACESSÓRIOS,"R$ 122497411,73","0,3%",Serviços
FABRICAÇÃO DE ESTRUTURAS METÁLICAS E OBRAS DE CALDEIRARIA PESADA,"R$ 122361796,91","0,3%",Agronegócio
FABRICAÇÃO DE ESTRUTURAS METÁLICAS E OBRAS DE CALDEIRARIA PESADA,"R$ 122361796,91","0,3%",Comércio
FABRICAÇÃO DE ESTRUTURAS METÁLICAS E OBRAS DE CALDEIRARIA PESADA,"R$ 122361796,91","0,3%",Indústria
FABRICAÇÃO DE ESTRUTURAS METÁLICAS E OBRAS DE CALDEIRARIA PESADA,"R$ 122361796,91","0,3%",Serviços
FABRICAÇÃO DE PRODUTOS CERÂMICOS,"R$ 116227594,25","0,3%",Agronegócio
FABRICAÇÃO DE PRODUTOS CERÂMICOS,"R$ 116227594,25","0,3%",Comércio
FABRICAÇÃO DE PRODUTOS CERÂMICOS,"R$ 116227594,25","0,3%",Indústria
FABRICAÇÃO DE PRODUTOS CERÂMICOS,"R$ 116227594,25","0,3%",Serviços
"FORJARIA, ESTAMPARIA, METALURGIA DO PÓ E SERVIÇOS DE TRATAMENTO DE METAIS","R$ 114878252,65","0,3%",Agronegócio
"FORJARIA, ESTAMPARIA, METALURGIA DO PÓ E SERVIÇOS DE TRATAMENTO DE METAIS","R$ 114878252,65","0,3%",Comércio
"FORJARIA, ESTAMPARIA, METALURGIA DO PÓ E SERVIÇOS DE TRATAMENTO DE METAIS","R$ 114878252,65","0,3%",Indústria
"FORJARIA, ESTAMPARIA, METALURGIA DO PÓ E SERVIÇOS DE TRATAMENTO DE METAIS","R$ 114878252,65","0,3%",Serviços
"FABRICAÇÃO DE PAPEL, CARTOLINA E PAPEL-CARTÃO","R$ 107110318,32","0,2%",Agronegócio
"FABRICAÇÃO DE PAPEL, CARTOLINA E PAPEL-CARTÃO","R$ 107110318,32","0,2%",Comércio
"FABRICAÇÃO DE PAPEL, CARTOLINA E PAPEL-CARTÃO","R$ 107110318,32","0,2%",Indústria
"FABRICAÇÃO DE PAPEL, CARTOLINA E PAPEL-CARTÃO","R$ 107110318,32","0,2%",Serviços
OUTRAS ATIVIDADES DE TELECOMUNICAÇÕES,"R$ 101311100,34","0,2%",Agronegócio
OUTRAS ATIVIDADES DE TELECOMUNICAÇÕES,"R$ 101311100,34","0,2%",Comércio
OUTRAS ATIVIDADES DE TELECOMUNICAÇÕES,"R$ 101311100,34","0,2%",Indústria
OUTRAS ATIVIDADES DE TELECOMUNICAÇÕES,"R$ 101311100,34","0,2%",Serviços
FABRICAÇÃO DE VIDRO E DE PRODUTOS DO VIDRO,"R$ 91537080,99","0,2%",Agronegócio
FABRICAÇÃO DE VIDRO E DE PRODUTOS DO VIDRO,"R$ 91537080,99","0,2%",Comércio
FABRICAÇÃO DE VIDRO E DE PRODUTOS DO VIDRO,"R$ 91537080,99","0,2%",Indústria
FABRICAÇÃO DE VIDRO E DE PRODUTOS DO VIDRO,"R$ 91537080,99","0,2%",Serviços
"FABRICAÇÃO DE ARTEFATOS TÊXTEIS, EXCETO VESTUÁRIO","R$ 89857049,84","0,2%",Agronegócio
"FABRICAÇÃO DE ARTEFATOS TÊXTEIS, EXCETO VESTUÁRIO","R$ 89857049,84","0,2%",Comércio
"FABRICAÇÃO DE ARTEFATOS TÊXTEIS, EXCETO VESTUÁRIO","R$ 89857049,84","0,2%",Indústria
"FABRICAÇÃO DE ARTEFATOS TÊXTEIS, EXCETO VESTUÁRIO","R$ 89857049,84","0,2%",Serviços
COMÉRCIO VAREJISTA DE COMBUSTÍVEIS PARA VEÍCULOS AUTOMOTORES,"R$ 82862775,95","0,2%",Agronegócio
COMÉRCIO VAREJISTA DE COMBUSTÍVEIS PARA VEÍCULOS AUTOMOTORES,"R$ 82862775,95","0,2%",Comércio
COMÉRCIO VAREJISTA DE COMBUSTÍVEIS PARA VEÍCULOS AUTOMOTORES,"R$ 82862775,95","0,2%",Indústria
COMÉRCIO VAREJISTA DE COMBUSTÍVEIS PARA VEÍCULOS AUTOMOTORES,"R$ 82862775,95","0,2%",Serviços
"SERVIÇOS DE CATERING, BUFÊ E OUTROS SERVIÇOS DE COMIDA PREPARADA","R$ 82737145,11","0,2%",Agronegócio
"SERVIÇOS DE CATERING, BUFÊ E OUTROS SERVIÇOS DE COMIDA PREPARADA","R$ 82737145,11","0,2%",Comércio
"SERVIÇOS DE CATERING, BUFÊ E OUTROS SERVIÇOS DE COMIDA PREPARADA","R$ 82737145,11","0,2%",Indústria
"SERVIÇOS DE CATERING, BUFÊ E OUTROS SERVIÇOS DE COMIDA PREPARADA","R$ 82737145,11","0,2%",Serviços
"EXTRAÇÃO DE PEDRA, AREIA E ARGILA","R$ 82093334,48","0,2%",Agronegócio
"EXTRAÇÃO DE PEDRA, AREIA E ARGILA","R$ 82093334,48","0,2%",Comércio
"EXTRAÇÃO DE PEDRA, AREIA E ARGILA","R$ 82093334,48","0,2%",Indústria
"EXTRAÇÃO DE PEDRA, AREIA E ARGILA","R$ 82093334,48","0,2%",Serviços
APARELHAMENTO DE PEDRAS E FABRICAÇÃO DE OUTROS PRODUTOS DE MINERAIS NÃO METÁLICOS,"R$ 81295466,62","0,2%",Agronegócio
APARELHAMENTO DE PEDRAS E FABRICAÇÃO DE OUTROS PRODUTOS DE MINERAIS NÃO METÁLICOS,"R$ 81295466,62","0,2%",Comércio
APARELHAMENTO DE PEDRAS E FABRICAÇÃO DE OUTROS PRODUTOS DE MINERAIS NÃO METÁLICOS,"R$ 81295466,62","0,2%",Indústria
APARELHAMENTO DE PEDRAS E FABRICAÇÃO DE OUTROS PRODUTOS DE MINERAIS NÃO METÁLICOS,"R$ 81295466,62","0,2%",Serviços
FUNDIÇÃO,"R$ 80963652,50","0,2%",Agronegócio
FUNDIÇÃO,"R$ 80963652,50","0,2%",Comércio
FUNDIÇÃO,"R$ 80963652,50","0,2%",Indústria
FUNDIÇÃO,"R$ 80963652,50","0,2%",Serviços
FABRICAÇÃO DE EQUIPAMENTOS PARA DISTRIBUIÇÃO E CONTROLE DE ENERGIA ELÉTRICA,"R$ 78080926,26","0,2%",Agronegócio
FABRICAÇÃO DE EQUIPAMENTOS PARA DISTRIBUIÇÃO E CONTROLE DE ENERGIA ELÉTRICA,"R$ 78080926,26","0,2%",Comércio
FABRICAÇÃO DE EQUIPAMENTOS PARA DISTRIBUIÇÃO E CONTROLE DE ENERGIA ELÉTRICA,"R$ 78080926,26","0,2%",Indústria
FABRICAÇÃO DE EQUIPAMENTOS PARA DISTRIBUIÇÃO E CONTROLE DE ENERGIA ELÉTRICA,"R$ 78080926,26","0,2%",Serviços
PRODUÇÃO E DISTRIBUIÇÃO DE COMBUSTÍVEIS GASOSOS POR REDES URBANAS,"R$ 71536811,48","0,2%",Agronegócio
PRODUÇÃO E DISTRIBUIÇÃO DE COMBUSTÍVEIS GASOSOS POR REDES URBANAS,"R$ 71536811,48","0,2%",Comércio
PRODUÇÃO E DISTRIBUIÇÃO DE COMBUSTÍVEIS GASOSOS POR REDES URBANAS,"R$ 71536811,48","0,2%",Indústria
PRODUÇÃO E DISTRIBUIÇÃO DE COMBUSTÍVEIS GASOSOS POR REDES URBANAS,"R$ 71536811,48","0,2%",Serviços
FABRICAÇÃO DE MÁQUINAS E EQUIPAMENTOS DE USO NA EXTRAÇÃO MINERAL E NA CONSTRUÇÃO,"R$ 67923487,18","0,2%",Agronegócio
FABRICAÇÃO DE MÁQUINAS E EQUIPAMENTOS DE USO NA EXTRAÇÃO MINERAL E NA CONSTRUÇÃO,"R$ 67923487,18","0,2%",Comércio
FABRICAÇÃO DE MÁQUINAS E EQUIPAMENTOS DE USO NA EXTRAÇÃO MINERAL E NA CONSTRUÇÃO,"R$ 67923487,18","0,2%",Indústria
FABRICAÇÃO DE MÁQUINAS E EQUIPAMENTOS DE USO NA EXTRAÇÃO MINERAL E NA CONSTRUÇÃO,"R$ 67923487,18","0,2%",Serviços
FABRICAÇÃO DE ÓLEOS E GORDURAS VEGETAIS E ANIMAIS,"R$ 64529353,35","0,1%",Agronegócio
FABRICAÇÃO DE ÓLEOS E GORDURAS VEGETAIS E ANIMAIS,"R$ 64529353,35","0,1%",Comércio
FABRICAÇÃO DE ÓLEOS E GORDURAS VEGETAIS E ANIMAIS,"R$ 64529353,35","0,1%",Indústria
FABRICAÇÃO DE ÓLEOS E GORDURAS VEGETAIS E ANIMAIS,"R$ 64529353,35","0,1%",Serviços
FABRICAÇÃO DE COMPONENTES ELETRÔNICOS,"R$ 62216482,42","0,1%",Agronegócio
FABRICAÇÃO DE COMPONENTES ELETRÔNICOS,"R$ 62216482,42","0,1%",Comércio
FABRICAÇÃO DE COMPONENTES ELETRÔNICOS,"R$ 62216482,42","0,1%",Indústria
FABRICAÇÃO DE COMPONENTES ELETRÔNICOS,"R$ 62216482,42","0,1%",Serviços
FABRICAÇÃO DE MÁQUINAS-FERRAMENTA,"R$ 61456747,84","0,1%",Agronegócio
FABRICAÇÃO DE MÁQUINAS-FERRAMENTA,"R$ 61456747,84","0,1%",Comércio
FABRICAÇÃO DE MÁQUINAS-FERRAMENTA,"R$ 61456747,84","0,1%",Indústria
FABRICAÇÃO DE MÁQUINAS-FERRAMENTA,"R$ 61456747,84","0,1%",Serviços
FABRICAÇÃO DE PRODUTOS FARMACÊUTICOS,"R$ 59671964,79","0,1%",Agronegócio
FABRICAÇÃO DE PRODUTOS FARMACÊUTICOS,"R$ 59671964,79","0,1%",Comércio
FABRICAÇÃO DE PRODUTOS FARMACÊUTICOS,"R$ 59671964,79","0,1%",Indústria
FABRICAÇÃO DE PRODUTOS FARMACÊUTICOS,"R$ 59671964,79","0,1%",Serviços
"FABRICAÇÃO DE GERADORES, TRANSFORMADORES E MOTORES ELÉTRICOS","R$ 58485321,47","0,1%",Agronegócio
"FABRICAÇÃO DE GERADORES, TRANSFORMADORES E MOTORES ELÉTRICOS","R$ 58485321,47","0,1%",Comércio
"FABRICAÇÃO DE GERADORES, TRANSFORMADORES E MOTORES ELÉTRICOS","R$ 58485321,47","0,1%",Indústria
"FABRICAÇÃO DE GERADORES, TRANSFORMADORES E MOTORES ELÉTRICOS","R$ 58485321,47","0,1%",Serviços
FABRICAÇÃO DE INSTRUMENTOS E MATERIAIS PARA USO MÉDICO E ODONTOLÓGICO E DE ARTIGOS ÓPTICOS,"R$ 58091546,62","0,1%",Agronegócio
FABRICAÇÃO DE INSTRUMENTOS E MATERIAIS PARA USO MÉDICO E ODONTOLÓGICO E DE ARTIGOS ÓPTICOS,"R$ 58091546,62","0,1%",Comércio
FABRICAÇÃO DE INSTRUMENTOS E MATERIAIS PARA USO MÉDICO E ODONTOLÓGICO E DE ARTIGOS ÓPTICOS,"R$ 58091546,62","0,1%",Indústria
FABRICAÇÃO DE INSTRUMENTOS E MATERIAIS PARA USO MÉDICO E ODONTOLÓGICO E DE ARTIGOS ÓPTICOS,"R$ 58091546,62","0,1%",Serviços
FABRICAÇÃO DE EQUIPAMENTOS E APARELHOS ELÉTRICOS NÃO ESPECIFICADOS ANTERIORMENTE,"R$ 53416098,09","0,1%",Agronegócio
FABRICAÇÃO DE EQUIPAMENTOS E APARELHOS ELÉTRICOS NÃO ESPECIFICADOS ANTERIORMENTE,"R$ 53416098,09","0,1%",Comércio
FABRICAÇÃO DE EQUIPAMENTOS E APARELHOS ELÉTRICOS NÃO ESPECIFICADOS ANTERIORMENTE,"R$ 53416098,09","0,1%",Indústria
FABRICAÇÃO DE EQUIPAMENTOS E APARELHOS ELÉTRICOS NÃO ESPECIFICADOS ANTERIORMENTE,"R$ 53416098,09","0,1%",Serviços
"FABRICAÇÃO DE APARELHOS DE RECEPÇÃO, REPRODUÇÃO, GRAVAÇÃO E AMPLIFICAÇÃO DE ÁUDIO E VÍDEO","R$ 52962381,98","0,1%",Agronegócio
"FABRICAÇÃO DE APARELHOS DE RECEPÇÃO, REPRODUÇÃO, GRAVAÇÃO E AMPLIFICAÇÃO DE ÁUDIO E VÍDEO","R$ 52962381,98","0,1%",Comércio
"FABRICAÇÃO DE APARELHOS DE RECEPÇÃO, REPRODUÇÃO, GRAVAÇÃO E AMPLIFICAÇÃO DE ÁUDIO E VÍDEO","R$ 52962381,98","0,1%",Indústria
"FABRICAÇÃO DE APARELHOS DE RECEPÇÃO, REPRODUÇÃO, GRAVAÇÃO E AMPLIFICAÇÃO DE ÁUDIO E VÍDEO","R$ 52962381,98","0,1%",Serviços
"FABRICAÇÃO DE CABINES, CARROCERIAS E REBOQUES PARA VEÍCULOS AUTOMOTORES","R$ 52496841,09","0,1%",Agronegócio
"FABRICAÇÃO DE CABINES, CARROCERIAS E REBOQUES PARA VEÍCULOS AUTOMOTORES","R$ 52496841,09","0,1%",Comércio
"FABRICAÇÃO DE CABINES, CARROCERIAS E REBOQUES PARA VEÍCULOS AUTOMOTORES","R$ 52496841,09","0,1%",Indústria
"FABRICAÇÃO DE CABINES, CARROCERIAS E REBOQUES PARA VEÍCULOS AUTOMOTORES","R$ 52496841,09","0,1%",Serviços
COMÉRCIO ATACADISTA DE EQUIPAMENTOS E PRODUTOS DE TECNOLOGIAS DE INFORMAÇÃO E COMUNICAÇÃO,"R$ 51977874,65","0,1%",Agronegócio
COMÉRCIO ATACADISTA DE EQUIPAMENTOS E PRODUTOS DE TECNOLOGIAS DE INFORMAÇÃO E COMUNICAÇÃO,"R$ 51977874,65","0,1%",Comércio
COMÉRCIO ATACADISTA DE EQUIPAMENTOS E PRODUTOS DE TECNOLOGIAS DE INFORMAÇÃO E COMUNICAÇÃO,"R$ 51977874,65","0,1%",Indústria
COMÉRCIO ATACADISTA DE EQUIPAMENTOS E PRODUTOS DE TECNOLOGIAS DE INFORMAÇÃO E COMUNICAÇÃO,"R$ 51977874,65","0,1%",Serviços
"FABRICAÇÃO DE PARTES PARA CALÇADOS, DE QUALQUER MATERIAL","R$ 50680251,99","0,1%",Agronegócio
"FABRICAÇÃO DE PARTES PARA CALÇADOS, DE QUALQUER MATERIAL","R$ 50680251,99","0,1%",Comércio
"FABRICAÇÃO DE PARTES PARA CALÇADOS, DE QUALQUER MATERIAL","R$ 50680251,99","0,1%",Indústria
"FABRICAÇÃO DE PARTES PARA CALÇADOS, DE QUALQUER MATERIAL","R$ 50680251,99","0,1%",Serviços
FABRICAÇÃO DE CAMINHÕES E ÔNIBUS,"R$ 48265703,95","0,1%",Agronegócio
FABRICAÇÃO DE CAMINHÕES E ÔNIBUS,"R$ 48265703,95","0,1%",Comércio
FABRICAÇÃO DE CAMINHÕES E ÔNIBUS,"R$ 48265703,95","0,1%",Indústria
FABRICAÇÃO DE CAMINHÕES E ÔNIBUS,"R$ 48265703,95","0,1%",Serviços
DESDOBRAMENTO DE MADEIRA,"R$ 47167982,28","0,1%",Agronegócio
DESDOBRAMENTO DE MADEIRA,"R$ 47167982,28","0,1%",Comércio
DESDOBRAMENTO DE MADEIRA,"R$ 47167982,28","0,1%",Indústria
DESDOBRAMENTO DE MADEIRA,"R$ 47167982,28","0,1%",Serviços
PECUÁRIA,"R$ 46613155,66","0,1%",Agronegócio
PECUÁRIA,"R$ 46613155,66","0,1%",Comércio
PECUÁRIA,"R$ 46613155,66","0,1%",Indústria
PECUÁRIA,"R$ 46613155,66","0,1%",Serviços
"FABRICAÇÃO DE APARELHOS E INSTRUMENTOS DE MEDIDA, TESTE E CONTROLE; CRONÔMETROS E RELÓGIOS","R$ 43657264,49","0,1%",Agronegócio
"FABRICAÇÃO DE APARELHOS E INSTRUMENTOS DE MEDIDA, TESTE E CONTROLE; CRONÔMETROS E RELÓGIOS","R$ 43657264,49","0,1%",Comércio
"FABRICAÇÃO DE APARELHOS E INSTRUMENTOS DE MEDIDA, TESTE E CONTROLE; CRONÔMETROS E RELÓGIOS","R$ 43657264,49","0,1%",Indústria
"FABRICAÇÃO DE APARELHOS E INSTRUMENTOS DE MEDIDA, TESTE E CONTROLE; CRONÔMETROS E RELÓGIOS","R$ 43657264,49","0,1%",Serviços
TRANSPORTE RODOVIÁRIO DE PASSAGEIROS,"R$ 43122655,13","0,1%",Agronegócio
TRANSPORTE RODOVIÁRIO DE PASSAGEIROS,"R$ 43122655,13","0,1%",Comércio
TRANSPORTE RODOVIÁRIO DE PASSAGEIROS,"R$ 43122655,13","0,1%",Indústria
TRANSPORTE RODOVIÁRIO DE PASSAGEIROS,"R$ 43122655,13","0,1%",Serviços
"FABRICAÇÃO DE EQUIPAMENTO BÉLICO PESADO, ARMAS E MUNIÇÕES","R$ 40382709,94","0,1%",Agronegócio
"FABRICAÇÃO DE EQUIPAMENTO BÉLICO PESADO, ARMAS E MUNIÇÕES","R$ 40382709,94","0,1%",Comércio
"FABRICAÇÃO DE EQUIPAMENTO BÉLICO PESADO, ARMAS E MUNIÇÕES","R$ 40382709,94","0,1%",Indústria
"FABRICAÇÃO DE EQUIPAMENTO BÉLICO PESADO, ARMAS E MUNIÇÕES","R$ 40382709,94","0,1%",Serviços
FABRICAÇÃO DE CELULOSE E OUTRAS PASTAS PARA A FABRICAÇÃO DE PAPEL,"R$ 37509062,86","0,1%",Agronegócio
FABRICAÇÃO DE CELULOSE E OUTRAS PASTAS PARA A FABRICAÇÃO DE PAPEL,"R$ 37509062,86","0,1%",Comércio
FABRICAÇÃO DE CELULOSE E OUTRAS PASTAS PARA A FABRICAÇÃO DE PAPEL,"R$ 37509062,86","0,1%",Indústria
FABRICAÇÃO DE CELULOSE E OUTRAS PASTAS PARA A FABRICAÇÃO DE PAPEL,"R$ 37509062,86","0,1%",Serviços
ATIVIDADE DE IMPRESSÃO,"R$ 36225739,59","0,1%",Agronegócio
ATIVIDADE DE IMPRESSÃO,"R$ 36225739,59","0,1%",Comércio
ATIVIDADE DE IMPRESSÃO,"R$ 36225739,59","0,1%",Indústria
ATIVIDADE DE IMPRESSÃO,"R$ 36225739,59","0,1%",Serviços
"REPRESENTANTES COMERCIAIS E AGENTES DO COMÉRCIO, EXCETO DE VEÍCULOS AUTOMOTORES E MOTOCICLETAS","R$ 36194711,04","0,1%",Agronegócio
"REPRESENTANTES COMERCIAIS E AGENTES DO COMÉRCIO, EXCETO DE VEÍCULOS AUTOMOTORES E MOTOCICLETAS","R$ 36194711,04","0,1%",Comércio
"REPRESENTANTES COMERCIAIS E AGENTES DO COMÉRCIO, EXCETO DE VEÍCULOS AUTOMOTORES E MOTOCICLETAS","R$ 36194711,04","0,1%",Indústria
"REPRESENTANTES COMERCIAIS E AGENTES DO COMÉRCIO, EXCETO DE VEÍCULOS AUTOMOTORES E MOTOCICLETAS","R$ 36194711,04","0,1%",Serviços
FABRICAÇÃO DE ARTIGOS DE MALHARIA E TRICOTAGEM,"R$ 34969518,22","0,1%",Agronegócio
FABRICAÇÃO DE ARTIGOS DE MALHARIA E TRICOTAGEM,"R$ 34969518,22","0,1%",Comércio
FABRICAÇÃO DE ARTIGOS DE MALHARIA E TRICOTAGEM,"R$ 34969518,22","0,1%",Indústria
FABRICAÇÃO DE ARTIGOS DE MALHARIA E TRICOTAGEM,"R$ 34969518,22","0,1%",Serviços
FABRICAÇÃO DE EQUIPAMENTOS DE COMUNICAÇÃO,"R$ 34786529,91","0,1%",Agronegócio
FABRICAÇÃO DE EQUIPAMENTOS DE COMUNICAÇÃO,"R$ 34786529,91","0,1%",Comércio
FABRICAÇÃO DE EQUIPAMENTOS DE COMUNICAÇÃO,"R$ 34786529,91","0,1%",Indústria
FABRICAÇÃO DE EQUIPAMENTOS DE COMUNICAÇÃO,"R$ 34786529,91","0,1%",Serviços
FABRICAÇÃO DE EQUIPAMENTOS DE INFORMÁTICA E PERIFÉRICOS,"R$ 33091017,38","0,1%",Agronegócio
FABRICAÇÃO DE EQUIPAMENTOS DE INFORMÁTICA E PERIFÉRICOS,"R$ 33091017,38","0,1%",Comércio
FABRICAÇÃO DE EQUIPAMENTOS DE INFORMÁTICA E PERIFÉRICOS,"R$ 33091017,38","0,1%",Indústria
FABRICAÇÃO DE EQUIPAMENTOS DE INFORMÁTICA E PERIFÉRICOS,"R$ 33091017,38","0,1%",Serviços
MANUTENÇÃO E REPARAÇÃO DE MÁQUINAS E EQUIPAMENTOS,"R$ 30648549,79","0,1%",Agronegócio
MANUTENÇÃO E REPARAÇÃO DE MÁQUINAS E EQUIPAMENTOS,"R$ 30648549,79","0,1%",Comércio
MANUTENÇÃO E REPARAÇÃO DE MÁQUINAS E EQUIPAMENTOS,"R$ 30648549,79","0,1%",Indústria
MANUTENÇÃO E REPARAÇÃO DE MÁQUINAS E EQUIPAMENTOS,"R$ 30648549,79","0,1%",Serviços
"COMÉRCIO, MANUTENÇÃO E REPARAÇÃO DE MOTOCICLETAS, PEÇAS E ACESSÓRIOS","R$ 27478000,93","0,1%",Agronegócio
"COMÉRCIO, MANUTENÇÃO E REPARAÇÃO DE MOTOCICLETAS, PEÇAS E ACESSÓRIOS","R$ 27478000,93","0,1%",Comércio
"COMÉRCIO, MANUTENÇÃO E REPARAÇÃO DE MOTOCICLETAS, PEÇAS E ACESSÓRIOS","R$ 27478000,93","0,1%",Indústria
"COMÉRCIO, MANUTENÇÃO E REPARAÇÃO DE MOTOCICLETAS, PEÇAS E ACESSÓRIOS","R$ 27478000,93","0,1%",Serviços
FABRICAÇÃO DE ELETRODOMÉSTICOS,"R$ 26821994,21","0,1%",Agronegócio
FABRICAÇÃO DE ELETRODOMÉSTICOS,"R$ 26821994,21","0,1%",Comércio
FABRICAÇÃO DE ELETRODOMÉSTICOS,"R$ 26821994,21","0,1%",Indústria
FABRICAÇÃO DE ELETRODOMÉSTICOS,"R$ 26821994,21","0,1%",Serviços
FABRICAÇÃO DE EQUIPAMENTOS DE TRANSPORTE NÃO ESPECIFICADOS ANTERIORMENTE,"R$ 26391023,95","0,1%",Agronegócio
FABRICAÇÃO DE EQUIPAMENTOS DE TRANSPORTE NÃO ESPECIFICADOS ANTERIORMENTE,"R$ 26391023,95","0,1%",Comércio
FABRICAÇÃO DE EQUIPAMENTOS DE TRANSPORTE NÃO ESPECIFICADOS ANTERIORMENTE,"R$ 26391023,95","0,1%",Indústria
FABRICAÇÃO DE EQUIPAMENTOS DE TRANSPORTE NÃO ESPECIFICADOS ANTERIORMENTE,"R$ 26391023,95","0,1%",Serviços
ATIVIDADES RELACIONADAS À ORGANIZAÇÃO DO TRANSPORTE DE CARGA,"R$ 26166216,55","0,1%",Agronegócio
ATIVIDADES RELACIONADAS À ORGANIZAÇÃO DO TRANSPORTE DE CARGA,"R$ 26166216,55","0,1%",Comércio
ATIVIDADES RELACIONADAS À ORGANIZAÇÃO DO TRANSPORTE DE CARGA,"R$ 26166216,55","0,1%",Indústria
ATIVIDADES RELACIONADAS À ORGANIZAÇÃO DO TRANSPORTE DE CARGA,"R$ 26166216,55","0,1%",Serviços
FABRICAÇÃO DE ARTIGOS PARA VIAGEM E DE ARTEFATOS DIVERSOS DE COURO,"R$ 24984123,22","0,1%",Agronegócio
FABRICAÇÃO DE ARTIGOS PARA VIAGEM E DE ARTEFATOS DIVERSOS DE COURO,"R$ 24984123,22","0,1%",Comércio
FABRICAÇÃO DE ARTIGOS PARA VIAGEM E DE ARTEFATOS DIVERSOS DE COURO,"R$ 24984123,22","0,1%",Indústria
FABRICAÇÃO DE ARTIGOS PARA VIAGEM E DE ARTEFATOS DIVERSOS DE COURO,"R$ 24984123,22","0,1%",Serviços
PROCESSAMENTO INDUSTRIAL DO FUMO,"R$ 22426359,00","0,1%",Agronegócio
PROCESSAMENTO INDUSTRIAL DO FUMO,"R$ 22426359,00","0,1%",Comércio
PROCESSAMENTO INDUSTRIAL DO FUMO,"R$ 22426359,00","0,1%",Indústria
PROCESSAMENTO INDUSTRIAL DO FUMO,"R$ 22426359,00","0,1%",Serviços
PRODUÇÃO DE SEMENTES E MUDAS CERTIFICADAS,"R$ 21744102,47","0,0%",Agronegócio
PRODUÇÃO DE SEMENTES E MUDAS CERTIFICADAS,"R$ 21744102,47","0,0%",Comércio
PRODUÇÃO DE SEMENTES E MUDAS CERTIFICADAS,"R$ 21744102,47","0,0%",Indústria
PRODUÇÃO DE SEMENTES E MUDAS CERTIFICADAS,"R$ 21744102,47","0,0%",Serviços
"ARMAZENAMENTO, CARGA E DESCARGA","R$ 20564355,59","0,0%",Agronegócio
"ARMAZENAMENTO, CARGA E DESCARGA","R$ 20564355,59","0,0%",Comércio
"ARMAZENAMENTO, CARGA E DESCARGA","R$ 20564355,59","0,0%",Indústria
"ARMAZENAMENTO, CARGA E DESCARGA","R$ 20564355,59","0,0%",Serviços
"PRODUÇÃO DE TUBOS DE AÇO, EXCETO TUBOS SEM COSTURA","R$ 20065031,23","0,0%",Agronegócio
"PRODUÇÃO DE TUBOS DE AÇO, EXCETO TUBOS SEM COSTURA","R$ 20065031,23","0,0%",Comércio
"PRODUÇÃO DE TUBOS DE AÇO, EXCETO TUBOS SEM COSTURA","R$ 20065031,23","0,0%",Indústria
"PRODUÇÃO DE TUBOS DE AÇO, EXCETO TUBOS SEM COSTURA","R$ 20065031,23","0,0%",Serviços
CURTIMENTO E OUTRAS PREPARAÇÕES DE COURO,"R$ 19346056,23","0,0%",Agronegócio
CURTIMENTO E OUTRAS PREPARAÇÕES DE COURO,"R$ 19346056,23","0,0%",Comércio
CURTIMENTO E OUTRAS PREPARAÇÕES DE COURO,"R$ 19346056,23","0,0%",Indústria
CURTIMENTO E OUTRAS PREPARAÇÕES DE COURO,"R$ 19346056,23","0,0%",Serviços
TRANSPORTE MARÍTIMO DE CABOTAGEM E LONGO CURSO,"R$ 18649981,13","0,0%",Agronegócio
TRANSPORTE MARÍTIMO DE CABOTAGEM E LONGO CURSO,"R$ 18649981,13","0,0%",Comércio
TRANSPORTE MARÍTIMO DE CABOTAGEM E LONGO CURSO,"R$ 18649981,13","0,0%",Indústria
TRANSPORTE MARÍTIMO DE CABOTAGEM E LONGO CURSO,"R$ 18649981,13","0,0%",Serviços
RECUPERAÇÃO DE MATERIAIS,"R$ 17883486,47","0,0%",Agronegócio
RECUPERAÇÃO DE MATERIAIS,"R$ 17883486,47","0,0%",Comércio
RECUPERAÇÃO DE MATERIAIS,"R$ 17883486,47","0,0%",Indústria
RECUPERAÇÃO DE MATERIAIS,"R$ 17883486,47","0,0%",Serviços
"FABRICAÇÃO DE TANQUES, RESERVATÓRIOS METÁLICOS E CALDEIRAS","R$ 17839613,55","0,0%",Agronegócio
"FABRICAÇÃO DE TANQUES, RESERVATÓRIOS METÁLICOS E CALDEIRAS","R$ 17839613,55","0,0%",Comércio
"FABRICAÇÃO DE TANQUES, RESERVATÓRIOS METÁLICOS E CALDEIRAS","R$ 17839613,55","0,0%",Indústria
"FABRICAÇÃO DE TANQUES, RESERVATÓRIOS METÁLICOS E CALDEIRAS","R$ 17839613,55","0,0%",Serviços
FABRICAÇÃO DE DEFENSIVOS AGRÍCOLAS E DESINFESTANTES DOMISSANITÁRIOS,"R$ 17026647,96","0,0%",Agronegócio
FABRICAÇÃO DE DEFENSIVOS AGRÍCOLAS E DESINFESTANTES DOMISSANITÁRIOS,"R$ 17026647,96","0,0%",Comércio
FABRICAÇÃO DE DEFENSIVOS AGRÍCOLAS E DESINFESTANTES DOMISSANITÁRIOS,"R$ 17026647,96","0,0%",Indústria
FABRICAÇÃO DE DEFENSIVOS AGRÍCOLAS E DESINFESTANTES DOMISSANITÁRIOS,"R$ 17026647,96","0,0%",Serviços
EXTRAÇÃO DE CARVÃO MINERAL,"R$ 16340899,30","0,0%",Agronegócio
EXTRAÇÃO DE CARVÃO MINERAL,"R$ 16340899,30","0,0%",Comércio
EXTRAÇÃO DE CARVÃO MINERAL,"R$ 16340899,30","0,0%",Indústria
EXTRAÇÃO DE CARVÃO MINERAL,"R$ 16340899,30","0,0%",Serviços
PRODUÇÃO FLORESTAL - FLORESTAS PLANTADAS,"R$ 16324532,92","0,0%",Agronegócio
PRODUÇÃO FLORESTAL - FLORESTAS PLANTADAS,"R$ 16324532,92","0,0%",Comércio
PRODUÇÃO FLORESTAL - FLORESTAS PLANTADAS,"R$ 16324532,92","0,0%",Indústria
PRODUÇÃO FLORESTAL - FLORESTAS PLANTADAS,"R$ 16324532,92","0,0%",Serviços
"FABRICAÇÃO DE ARTIGOS DE JOALHERIA, BIJUTERIA E SEMELHANTES","R$ 14753987,76","0,0%",Agronegócio
"FABRICAÇÃO DE ARTIGOS DE JOALHERIA, BIJUTERIA E SEMELHANTES","R$ 14753987,76","0,0%",Comércio
"FABRICAÇÃO DE ARTIGOS DE JOALHERIA, BIJUTERIA E SEMELHANTES","R$ 14753987,76","0,0%",Indústria
"FABRICAÇÃO DE ARTIGOS DE JOALHERIA, BIJUTERIA E SEMELHANTES","R$ 14753987,76","0,0%",Serviços
FABRICAÇÃO DE PRODUTOS DO FUMO,"R$ 14402172,13","0,0%",Agronegócio
FABRICAÇÃO DE PRODUTOS DO FUMO,"R$ 14402172,13","0,0%",Comércio
FABRICAÇÃO DE PRODUTOS DO FUMO,"R$ 14402172,13","0,0%",Indústria
FABRICAÇÃO DE PRODUTOS DO FUMO,"R$ 14402172,13","0,0%",Serviços
"INSTALAÇÕES ELÉTRICAS, HIDRÁULICAS E OUTRAS INSTALAÇÕES EM CONSTRUÇÕES","R$ 13667240,58","0,0%",Agronegócio
"INSTALAÇÕES ELÉTRICAS, HIDRÁULICAS E OUTRAS INSTALAÇÕES EM CONSTRUÇÕES","R$ 13667240,58","0,0%",Comércio
"INSTALAÇÕES ELÉTRICAS, HIDRÁULICAS E OUTRAS INSTALAÇÕES EM CONSTRUÇÕES","R$ 13667240,58","0,0%",Indústria
"INSTALAÇÕES ELÉTRICAS, HIDRÁULICAS E OUTRAS INSTALAÇÕES EM CONSTRUÇÕES","R$ 13667240,58","0,0%",Serviços
METALURGIA DOS METAIS NÃO FERROSOS,"R$ 12341390,99","0,0%",Agronegócio
METALURGIA DOS METAIS NÃO FERROSOS,"R$ 12341390,99","0,0%",Comércio
METALURGIA DOS METAIS NÃO FERROSOS,"R$ 12341390,99","0,0%",Indústria
METALURGIA DOS METAIS NÃO FERROSOS,"R$ 12341390,99","0,0%",Serviços
"ATIVIDADES DE VIGILÂNCIA, SEGURANÇA PRIVADA E TRANSPORTE DE VALORES","R$ 12254702,98","0,0%",Agronegócio
"ATIVIDADES DE VIGILÂNCIA, SEGURANÇA PRIVADA E TRANSPORTE DE VALORES","R$ 12254702,98","0,0%",Comércio
"ATIVIDADES DE VIGILÂNCIA, SEGURANÇA PRIVADA E TRANSPORTE DE VALORES","R$ 12254702,98","0,0%",Indústria
"ATIVIDADES DE VIGILÂNCIA, SEGURANÇA PRIVADA E TRANSPORTE DE VALORES","R$ 12254702,98","0,0%",Serviços
"ACABAMENTOS EM FIOS, TECIDOS E ARTEFATOS TÊXTEIS","R$ 11600513,91","0,0%",Agronegócio
"ACABAMENTOS EM FIOS, TECIDOS E ARTEFATOS TÊXTEIS","R$ 11600513,91","0,0%",Comércio
"ACABAMENTOS EM FIOS, TECIDOS E ARTEFATOS TÊXTEIS","R$ 11600513,91","0,0%",Indústria
"ACABAMENTOS EM FIOS, TECIDOS E ARTEFATOS TÊXTEIS","R$ 11600513,91","0,0%",Serviços
FABRICAÇÃO DE LÂMPADAS E OUTROS EQUIPAMENTOS DE ILUMINAÇÃO,"R$ 11539983,38","0,0%",Agronegócio
FABRICAÇÃO DE LÂMPADAS E OUTROS EQUIPAMENTOS DE ILUMINAÇÃO,"R$ 11539983,38","0,0%",Comércio
FABRICAÇÃO DE LÂMPADAS E OUTROS EQUIPAMENTOS DE ILUMINAÇÃO,"R$ 11539983,38","0,0%",Indústria
FABRICAÇÃO DE LÂMPADAS E OUTROS EQUIPAMENTOS DE ILUMINAÇÃO,"R$ 11539983,38","0,0%",Serviços
PREPARAÇÃO E FIAÇÃO DE FIBRAS TÊXTEIS,"R$ 11272618,39","0,0%",Agronegócio
PREPARAÇÃO E FIAÇÃO DE FIBRAS TÊXTEIS,"R$ 11272618,39","0,0%",Comércio
PREPARAÇÃO E FIAÇÃO DE FIBRAS TÊXTEIS,"R$ 11272618,39","0,0%",Indústria
PREPARAÇÃO E FIAÇÃO DE FIBRAS TÊXTEIS,"R$ 11272618,39","0,0%",Serviços
ATIVIDADES DE APOIO À AGRICULTURA E À PECUÁRIA; ATIVIDADES DE PÓS-COLHEITA,"R$ 11021099,61","0,0%",Agronegócio
ATIVIDADES DE APOIO À AGRICULTURA E À PECUÁRIA; ATIVIDADES DE PÓS-COLHEITA,"R$ 11021099,61","0,0%",Comércio
ATIVIDADES DE APOIO À AGRICULTURA E À PECUÁRIA; ATIVIDADES DE PÓS-COLHEITA,"R$ 11021099,61","0,0%",Indústria
ATIVIDADES DE APOIO À AGRICULTURA E À PECUÁRIA; ATIVIDADES DE PÓS-COLHEITA,"R$ 11021099,61","0,0%",Serviços
HOTÉIS E SIMILARES,"R$ 9926227,09","0,0%",Agronegócio
HOTÉIS E SIMILARES,"R$ 9926227,09","0,0%",Comércio
HOTÉIS E SIMILARES,"R$ 9926227,09","0,0%",Indústria
HOTÉIS E SIMILARES,"R$ 9926227,09","0,0%",Serviços
SERVIÇOS DE ARQUITETURA E ENGENHARIA E ATIVIDADES TÉCNICAS RELACIONADAS,"R$ 9643272,89","0,0%",Agronegócio
SERVIÇOS DE ARQUITETURA E ENGENHARIA E ATIVIDADES TÉCNICAS RELACIONADAS,"R$ 9643272,89","0,0%",Comércio
SERVIÇOS DE ARQUITETURA E ENGENHARIA E ATIVIDADES TÉCNICAS RELACIONADAS,"R$ 9643272,89","0,0%",Indústria
SERVIÇOS DE ARQUITETURA E ENGENHARIA E ATIVIDADES TÉCNICAS RELACIONADAS,"R$ 9643272,89","0,0%",Serviços
MANUTENÇÃO E REPARAÇÃO DE VEÍCULOS AUTOMOTORES,"R$ 9522744,11","0,0%",Agronegócio
MANUTENÇÃO E REPARAÇÃO DE VEÍCULOS AUTOMOTORES,"R$ 9522744,11","0,0%",Comércio
MANUTENÇÃO E REPARAÇÃO DE VEÍCULOS AUTOMOTORES,"R$ 9522744,11","0,0%",Indústria
MANUTENÇÃO E REPARAÇÃO DE VEÍCULOS AUTOMOTORES,"R$ 9522744,11","0,0%",Serviços
SERVIÇOS DE PRÉ-IMPRESSÃO E ACABAMENTOS GRÁFICOS,"R$ 8914219,19","0,0%",Agronegócio
SERVIÇOS DE PRÉ-IMPRESSÃO E ACABAMENTOS GRÁFICOS,"R$ 8914219,19","0,0%",Comércio
SERVIÇOS DE PRÉ-IMPRESSÃO E ACABAMENTOS GRÁFICOS,"R$ 8914219,19","0,0%",Indústria
SERVIÇOS DE PRÉ-IMPRESSÃO E ACABAMENTOS GRÁFICOS,"R$ 8914219,19","0,0%",Serviços
"TECELAGEM, EXCETO MALHA","R$ 8539346,78","0,0%",Agronegócio
"TECELAGEM, EXCETO MALHA","R$ 8539346,78","0,0%",Comércio
"TECELAGEM, EXCETO MALHA","R$ 8539346,78","0,0%",Indústria
"TECELAGEM, EXCETO MALHA","R$ 8539346,78","0,0%",Serviços
FABRICAÇÃO DE ARTEFATOS PARA PESCA E ESPORTE,"R$ 8402020,11","0,0%",Agronegócio
FABRICAÇÃO DE ARTEFATOS PARA PESCA E ESPORTE,"R$ 8402020,11","0,0%",Comércio
FABRICAÇÃO DE ARTEFATOS PARA PESCA E ESPORTE,"R$ 8402020,11","0,0%",Indústria
FABRICAÇÃO DE ARTEFATOS PARA PESCA E ESPORTE,"R$ 8402020,11","0,0%",Serviços
"EDIÇÃO INTEGRADA À IMPRESSÃO DE LIVROS, JORNAIS, REVISTAS E OUTRAS PUBLICAÇÕES","R$ 8069659,20","0,0%",Agronegócio
"EDIÇÃO INTEGRADA À IMPRESSÃO DE LIVROS, JORNAIS, REVISTAS E OUTRAS PUBLICAÇÕES","R$ 8069659,20","0,0%",Comércio
"EDIÇÃO INTEGRADA À IMPRESSÃO DE LIVROS, JORNAIS, REVISTAS E OUTRAS PUBLICAÇÕES","R$ 8069659,20","0,0%",Indústria
"EDIÇÃO INTEGRADA À IMPRESSÃO DE LIVROS, JORNAIS, REVISTAS E OUTRAS PUBLICAÇÕES","R$ 8069659,20","0,0%",Serviços
PRESERVAÇÃO DO PESCADO E FABRICAÇÃO DE PRODUTOS DO PESCADO,"R$ 7848187,20","0,0%",Agronegócio
PRESERVAÇÃO DO PESCADO E FABRICAÇÃO DE PRODUTOS DO PESCADO,"R$ 7848187,20","0,0%",Comércio
PRESERVAÇÃO DO PESCADO E FABRICAÇÃO DE PRODUTOS DO PESCADO,"R$ 7848187,20","0,0%",Indústria
PRESERVAÇÃO DO PESCADO E FABRICAÇÃO DE PRODUTOS DO PESCADO,"R$ 7848187,20","0,0%",Serviços
"CONSTRUÇÃO DE RODOVIAS, FERROVIAS, OBRAS URBANAS E OBRAS-DE-ARTE ESPECIAIS","R$ 7619815,70","0,0%",Agronegócio
"CONSTRUÇÃO DE RODOVIAS, FERROVIAS, OBRAS URBANAS E OBRAS-DE-ARTE ESPECIAIS","R$ 7619815,70","0,0%",Comércio
"CONSTRUÇÃO DE RODOVIAS, FERROVIAS, OBRAS URBANAS E OBRAS-DE-ARTE ESPECIAIS","R$ 7619815,70","0,0%",Indústria
"CONSTRUÇÃO DE RODOVIAS, FERROVIAS, OBRAS URBANAS E OBRAS-DE-ARTE ESPECIAIS","R$ 7619815,70","0,0%",Serviços
"TRATAMENTO DE DADOS, HOSPEDAGEM NA INTERNET E OUTRAS ATIVIDADES RELACIONADAS","R$ 7408041,01","0,0%",Agronegócio
"TRATAMENTO DE DADOS, HOSPEDAGEM NA INTERNET E OUTRAS ATIVIDADES RELACIONADAS","R$ 7408041,01","0,0%",Comércio
"TRATAMENTO DE DADOS, HOSPEDAGEM NA INTERNET E OUTRAS ATIVIDADES RELACIONADAS","R$ 7408041,01","0,0%",Indústria
"TRATAMENTO DE DADOS, HOSPEDAGEM NA INTERNET E OUTRAS ATIVIDADES RELACIONADAS","R$ 7408041,01","0,0%",Serviços
FABRICAÇÃO DE TECIDOS DE MALHA,"R$ 7201271,47","0,0%",Agronegócio
FABRICAÇÃO DE TECIDOS DE MALHA,"R$ 7201271,47","0,0%",Comércio
FABRICAÇÃO DE TECIDOS DE MALHA,"R$ 7201271,47","0,0%",Indústria
FABRICAÇÃO DE TECIDOS DE MALHA,"R$ 7201271,47","0,0%",Serviços
OUTRAS ATIVIDADES DE SERVIÇOS PRESTADOS PRINCIPALMENTE ÀS EMPRESAS,"R$ 6860182,85","0,0%",Agronegócio
OUTRAS ATIVIDADES DE SERVIÇOS PRESTADOS PRINCIPALMENTE ÀS EMPRESAS,"R$ 6860182,85","0,0%",Comércio
OUTRAS ATIVIDADES DE SERVIÇOS PRESTADOS PRINCIPALMENTE ÀS EMPRESAS,"R$ 6860182,85","0,0%",Indústria
OUTRAS ATIVIDADES DE SERVIÇOS PRESTADOS PRINCIPALMENTE ÀS EMPRESAS,"R$ 6860182,85","0,0%",Serviços
"FABRICAÇÃO DE PILHAS, BATERIAS E ACUMULADORES ELÉTRICOS","R$ 6584029,85","0,0%",Agronegócio
"FABRICAÇÃO DE PILHAS, BATERIAS E ACUMULADORES ELÉTRICOS","R$ 6584029,85","0,0%",Comércio
"FABRICAÇÃO DE PILHAS, BATERIAS E ACUMULADORES ELÉTRICOS","R$ 6584029,85","0,0%",Indústria
"FABRICAÇÃO DE PILHAS, BATERIAS E ACUMULADORES ELÉTRICOS","R$ 6584029,85","0,0%",Serviços
FABRICAÇÃO DE APARELHOS ELETROMÉDICOS E ELETROTERAPÊUTICOS E EQUIPAMENTOS DE IRRADIAÇÃO,"R$ 6453735,41","0,0%",Agronegócio
FABRICAÇÃO DE APARELHOS ELETROMÉDICOS E ELETROTERAPÊUTICOS E EQUIPAMENTOS DE IRRADIAÇÃO,"R$ 6453735,41","0,0%",Comércio
FABRICAÇÃO DE APARELHOS ELETROMÉDICOS E ELETROTERAPÊUTICOS E EQUIPAMENTOS DE IRRADIAÇÃO,"R$ 6453735,41","0,0%",Indústria
FABRICAÇÃO DE APARELHOS ELETROMÉDICOS E ELETROTERAPÊUTICOS E EQUIPAMENTOS DE IRRADIAÇÃO,"R$ 6453735,41","0,0%",Serviços
TELECOMUNICAÇÕES POR SATÉLITE,"R$ 6253757,94","0,0%",Agronegócio
TELECOMUNICAÇÕES POR SATÉLITE,"R$ 6253757,94","0,0%",Comércio
TELECOMUNICAÇÕES POR SATÉLITE,"R$ 6253757,94","0,0%",Indústria
TELECOMUNICAÇÕES POR SATÉLITE,"R$ 6253757,94","0,0%",Serviços
INSTALAÇÃO DE MÁQUINAS E EQUIPAMENTOS,"R$ 6205208,86","0,0%",Agronegócio
INSTALAÇÃO DE MÁQUINAS E EQUIPAMENTOS,"R$ 6205208,86","0,0%",Comércio
INSTALAÇÃO DE MÁQUINAS E EQUIPAMENTOS,"R$ 6205208,86","0,0%",Indústria
INSTALAÇÃO DE MÁQUINAS E EQUIPAMENTOS,"R$ 6205208,86","0,0%",Serviços
REPARAÇÃO E MANUTENÇÃO DE EQUIPAMENTOS DE INFORMÁTICA E COMUNICAÇÃO,"R$ 5440602,23","0,0%",Agronegócio
REPARAÇÃO E MANUTENÇÃO DE EQUIPAMENTOS DE INFORMÁTICA E COMUNICAÇÃO,"R$ 5440602,23","0,0%",Comércio
REPARAÇÃO E MANUTENÇÃO DE EQUIPAMENTOS DE INFORMÁTICA E COMUNICAÇÃO,"R$ 5440602,23","0,0%",Indústria
REPARAÇÃO E MANUTENÇÃO DE EQUIPAMENTOS DE INFORMÁTICA E COMUNICAÇÃO,"R$ 5440602,23","0,0%",Serviços
FABRICAÇÃO DE BRINQUEDOS E JOGOS RECREATIVOS,"R$ 5429896,32","0,0%",Agronegócio
FABRICAÇÃO DE BRINQUEDOS E JOGOS RECREATIVOS,"R$ 5429896,32","0,0%",Comércio
FABRICAÇÃO DE BRINQUEDOS E JOGOS RECREATIVOS,"R$ 5429896,32","0,0%",Indústria
FABRICAÇÃO DE BRINQUEDOS E JOGOS RECREATIVOS,"R$ 5429896,32","0,0%",Serviços
REPARAÇÃO E MANUTENÇÃO DE OBJETOS E EQUIPAMENTOS PESSOAIS E DOMÉSTICOS,"R$ 5092921,96","0,0%",Agronegócio
REPARAÇÃO E MANUTENÇÃO DE OBJETOS E EQUIPAMENTOS PESSOAIS E DOMÉSTICOS,"R$ 5092921,96","0,0%",Comércio
REPARAÇÃO E MANUTENÇÃO DE OBJETOS E EQUIPAMENTOS PESSOAIS E DOMÉSTICOS,"R$ 5092921,96","0,0%",Indústria
REPARAÇÃO E MANUTENÇÃO DE OBJETOS E EQUIPAMENTOS PESSOAIS E DOMÉSTICOS,"R$ 5092921,96","0,0%",Serviços
ATIVIDADES DOS SERVIÇOS DE TECNOLOGIA DA INFORMAÇÃO,"R$ 4844527,95","0,0%",Agronegócio
ATIVIDADES DOS SERVIÇOS DE TECNOLOGIA DA INFORMAÇÃO,"R$ 4844527,95","0,0%",Comércio
ATIVIDADES DOS SERVIÇOS DE TECNOLOGIA DA INFORMAÇÃO,"R$ 4844527,95","0,0%",Indústria
ATIVIDADES DOS SERVIÇOS DE TECNOLOGIA DA INFORMAÇÃO,"R$ 4844527,95","0,0%",Serviços
CONSTRUÇÃO DE EMBARCAÇÕES,"R$ 4750555,61","0,0%",Agronegócio
CONSTRUÇÃO DE EMBARCAÇÕES,"R$ 4750555,61","0,0%",Comércio
CONSTRUÇÃO DE EMBARCAÇÕES,"R$ 4750555,61","0,0%",Indústria
CONSTRUÇÃO DE EMBARCAÇÕES,"R$ 4750555,61","0,0%",Serviços
ALUGUEL DE MÁQUINAS E EQUIPAMENTOS SEM OPERADOR,"R$ 4645943,79","0,0%",Agronegócio
ALUGUEL DE MÁQUINAS E EQUIPAMENTOS SEM OPERADOR,"R$ 4645943,79","0,0%",Comércio
ALUGUEL DE MÁQUINAS E EQUIPAMENTOS SEM OPERADOR,"R$ 4645943,79","0,0%",Indústria
ALUGUEL DE MÁQUINAS E EQUIPAMENTOS SEM OPERADOR,"R$ 4645943,79","0,0%",Serviços
CONSTRUÇÃO DE EDIFÍCIOS,"R$ 4252552,65","0,0%",Agronegócio
CONSTRUÇÃO DE EDIFÍCIOS,"R$ 4252552,65","0,0%",Comércio
CONSTRUÇÃO DE EDIFÍCIOS,"R$ 4252552,65","0,0%",Indústria
CONSTRUÇÃO DE EDIFÍCIOS,"R$ 4252552,65","0,0%",Serviços
TRANSPORTE AÉREO DE PASSAGEIROS,"R$ 4234773,44","0,0%",Agronegócio
TRANSPORTE AÉREO DE PASSAGEIROS,"R$ 4234773,44","0,0%",Comércio
TRANSPORTE AÉREO DE PASSAGEIROS,"R$ 4234773,44","0,0%",Indústria
TRANSPORTE AÉREO DE PASSAGEIROS,"R$ 4234773,44","0,0%",Serviços
PRODUÇÃO DE LAVOURAS PERMANENTES,"R$ 4222425,72","0,0%",Agronegócio
PRODUÇÃO DE LAVOURAS PERMANENTES,"R$ 4222425,72","0,0%",Comércio
PRODUÇÃO DE LAVOURAS PERMANENTES,"R$ 4222425,72","0,0%",Indústria
PRODUÇÃO DE LAVOURAS PERMANENTES,"R$ 4222425,72","0,0%",Serviços
"OBRAS DE INFRAESTRUTURA PARA ENERGIA ELÉTRICA, TELECOMUNICAÇÕES, ÁGUA, ESGOTO E TRANSPORTE POR DUTOS","R$ 4107077,48","0,0%",Agronegócio
"OBRAS DE INFRAESTRUTURA PARA ENERGIA ELÉTRICA, TELECOMUNICAÇÕES, ÁGUA, ESGOTO E TRANSPORTE POR DUTOS","R$ 4107077,48","0,0%",Comércio
"OBRAS DE INFRAESTRUTURA PARA ENERGIA ELÉTRICA, TELECOMUNICAÇÕES, ÁGUA, ESGOTO E TRANSPORTE POR DUTOS","R$ 4107077,48","0,0%",Indústria
"OBRAS DE INFRAESTRUTURA PARA ENERGIA ELÉTRICA, TELECOMUNICAÇÕES, ÁGUA, ESGOTO E TRANSPORTE POR DUTOS","R$ 4107077,48","0,0%",Serviços
TESTES E ANÁLISES TÉCNICAS,"R$ 3565011,31","0,0%",Agronegócio
TESTES E ANÁLISES TÉCNICAS,"R$ 3565011,31","0,0%",Comércio
TESTES E ANÁLISES TÉCNICAS,"R$ 3565011,31","0,0%",Indústria
TESTES E ANÁLISES TÉCNICAS,"R$ 3565011,31","0,0%",Serviços
FABRICAÇÃO DE FIBRAS ARTIFICIAIS E SINTÉTICAS,"R$ 3401966,21","0,0%",Agronegócio
FABRICAÇÃO DE FIBRAS ARTIFICIAIS E SINTÉTICAS,"R$ 3401966,21","0,0%",Comércio
FABRICAÇÃO DE FIBRAS ARTIFICIAIS E SINTÉTICAS,"R$ 3401966,21","0,0%",Indústria
FABRICAÇÃO DE FIBRAS ARTIFICIAIS E SINTÉTICAS,"R$ 3401966,21","0,0%",Serviços
"ATIVIDADES CINEMATOGRÁFICAS, PRODUÇÃO DE VÍDEOS E DE PROGRAMAS DE TELEVISÃO","R$ 3210861,21","0,0%",Agronegócio
"ATIVIDADES CINEMATOGRÁFICAS, PRODUÇÃO DE VÍDEOS E DE PROGRAMAS DE TELEVISÃO","R$ 3210861,21","0,0%",Comércio
"ATIVIDADES CINEMATOGRÁFICAS, PRODUÇÃO DE VÍDEOS E DE PROGRAMAS DE TELEVISÃO","R$ 3210861,21","0,0%",Indústria
"ATIVIDADES CINEMATOGRÁFICAS, PRODUÇÃO DE VÍDEOS E DE PROGRAMAS DE TELEVISÃO","R$ 3210861,21","0,0%",Serviços
CONSTRUÇÃO DE OUTRAS OBRAS DE INFRAESTRUTURA,"R$ 3135445,10","0,0%",Agronegócio
CONSTRUÇÃO DE OUTRAS OBRAS DE INFRAESTRUTURA,"R$ 3135445,10","0,0%",Comércio
CONSTRUÇÃO DE OUTRAS OBRAS DE INFRAESTRUTURA,"R$ 3135445,10","0,0%",Indústria
CONSTRUÇÃO DE OUTRAS OBRAS DE INFRAESTRUTURA,"R$ 3135445,10","0,0%",Serviços
PRODUÇÃO DE FERRO-GUSA E DE FERROLIGAS,"R$ 2930781,72","0,0%",Agronegócio
PRODUÇÃO DE FERRO-GUSA E DE FERROLIGAS,"R$ 2930781,72","0,0%",Comércio
PRODUÇÃO DE FERRO-GUSA E DE FERROLIGAS,"R$ 2930781,72","0,0%",Indústria
PRODUÇÃO DE FERRO-GUSA E DE FERROLIGAS,"R$ 2930781,72","0,0%",Serviços
TRANSPORTE FERROVIÁRIO E METROFERROVIÁRIO,"R$ 2815680,06","0,0%",Agronegócio
TRANSPORTE FERROVIÁRIO E METROFERROVIÁRIO,"R$ 2815680,06","0,0%",Comércio
TRANSPORTE FERROVIÁRIO E METROFERROVIÁRIO,"R$ 2815680,06","0,0%",Indústria
TRANSPORTE FERROVIÁRIO E METROFERROVIÁRIO,"R$ 2815680,06","0,0%",Serviços
ATIVIDADES DE ATENDIMENTO HOSPITALAR,"R$ 2445352,86","0,0%",Agronegócio
ATIVIDADES DE ATENDIMENTO HOSPITALAR,"R$ 2445352,86","0,0%",Comércio
ATIVIDADES DE ATENDIMENTO HOSPITALAR,"R$ 2445352,86","0,0%",Indústria
ATIVIDADES DE ATENDIMENTO HOSPITALAR,"R$ 2445352,86","0,0%",Serviços
EXTRAÇÃO DE OUTROS MINERAIS NÃO METÁLICOS,"R$ 2317658,45","0,0%",Agronegócio
EXTRAÇÃO DE OUTROS MINERAIS NÃO METÁLICOS,"R$ 2317658,45","0,0%",Comércio
EXTRAÇÃO DE OUTROS MINERAIS NÃO METÁLICOS,"R$ 2317658,45","0,0%",Indústria
EXTRAÇÃO DE OUTROS MINERAIS NÃO METÁLICOS,"R$ 2317658,45","0,0%",Serviços
ATIVIDADES DE ORGANIZAÇÕES SINDICAIS,"R$ 2054970,53","0,0%",Agronegócio
ATIVIDADES DE ORGANIZAÇÕES SINDICAIS,"R$ 2054970,53","0,0%",Comércio
ATIVIDADES DE ORGANIZAÇÕES SINDICAIS,"R$ 2054970,53","0,0%",Indústria
ATIVIDADES DE ORGANIZAÇÕES SINDICAIS,"R$ 2054970,53","0,0%",Serviços
AGÊNCIAS DE VIAGENS E OPERADORES TURÍSTICOS,"R$ 1958137,43","0,0%",Agronegócio
AGÊNCIAS DE VIAGENS E OPERADORES TURÍSTICOS,"R$ 1958137,43","0,0%",Comércio
AGÊNCIAS DE VIAGENS E OPERADORES TURÍSTICOS,"R$ 1958137,43","0,0%",Indústria
AGÊNCIAS DE VIAGENS E OPERADORES TURÍSTICOS,"R$ 1958137,43","0,0%",Serviços
"EDIÇÃO DE LIVROS, JORNAIS, REVISTAS E OUTRAS ATIVIDADES DE EDIÇÃO","R$ 1912912,65","0,0%",Agronegócio
"EDIÇÃO DE LIVROS, JORNAIS, REVISTAS E OUTRAS ATIVIDADES DE EDIÇÃO","R$ 1912912,65","0,0%",Comércio
"EDIÇÃO DE LIVROS, JORNAIS, REVISTAS E OUTRAS ATIVIDADES DE EDIÇÃO","R$ 1912912,65","0,0%",Indústria
"EDIÇÃO DE LIVROS, JORNAIS, REVISTAS E OUTRAS ATIVIDADES DE EDIÇÃO","R$ 1912912,65","0,0%",Serviços
OUTRAS ATIVIDADES DE SERVIÇOS PESSOAIS,"R$ 1767089,65","0,0%",Agronegócio
OUTRAS ATIVIDADES DE SERVIÇOS PESSOAIS,"R$ 1767089,65","0,0%",Comércio
OUTRAS ATIVIDADES DE SERVIÇOS PESSOAIS,"R$ 1767089,65","0,0%",Indústria
OUTRAS ATIVIDADES DE SERVIÇOS PESSOAIS,"R$ 1767089,65","0,0%",Serviços
FABRICAÇÃO E REFINO DE AÇÚCAR,"R$ 1684342,29","0,0%",Agronegócio
FABRICAÇÃO E REFINO DE AÇÚCAR,"R$ 1684342,29","0,0%",Comércio
FABRICAÇÃO E REFINO DE AÇÚCAR,"R$ 1684342,29","0,0%",Indústria
FABRICAÇÃO E REFINO DE AÇÚCAR,"R$ 1684342,29","0,0%",Serviços
SERVIÇOS DE ESCRITÓRIO E APOIO ADMINISTRATIVO,"R$ 1590252,72","0,0%",Agronegócio
SERVIÇOS DE ESCRITÓRIO E APOIO ADMINISTRATIVO,"R$ 1590252,72","0,0%",Comércio
SERVIÇOS DE ESCRITÓRIO E APOIO ADMINISTRATIVO,"R$ 1590252,72","0,0%",Indústria
SERVIÇOS DE ESCRITÓRIO E APOIO ADMINISTRATIVO,"R$ 1590252,72","0,0%",Serviços
ATIVIDADES DE CORREIO,"R$ 1551825,21","0,0%",Agronegócio
ATIVIDADES DE CORREIO,"R$ 1551825,21","0,0%",Comércio
ATIVIDADES DE CORREIO,"R$ 1551825,21","0,0%",Indústria
ATIVIDADES DE CORREIO,"R$ 1551825,21","0,0%",Serviços
EDUCAÇÃO SUPERIOR,"R$ 1550923,96","0,0%",Agronegócio
EDUCAÇÃO SUPERIOR,"R$ 1550923,96","0,0%",Comércio
EDUCAÇÃO SUPERIOR,"R$ 1550923,96","0,0%",Indústria
EDUCAÇÃO SUPERIOR,"R$ 1550923,96","0,0%",Serviços
"FABRICAÇÃO DE EQUIPAMENTOS E INSTRUMENTOS ÓPTICOS, FOTOGRÁFICOS E CINEMATOGRÁFICOS","R$ 1544732,83","0,0%",Agronegócio
"FABRICAÇÃO DE EQUIPAMENTOS E INSTRUMENTOS ÓPTICOS, FOTOGRÁFICOS E CINEMATOGRÁFICOS","R$ 1544732,83","0,0%",Comércio
"FABRICAÇÃO DE EQUIPAMENTOS E INSTRUMENTOS ÓPTICOS, FOTOGRÁFICOS E CINEMATOGRÁFICOS","R$ 1544732,83","0,0%",Indústria
"FABRICAÇÃO DE EQUIPAMENTOS E INSTRUMENTOS ÓPTICOS, FOTOGRÁFICOS E CINEMATOGRÁFICOS","R$ 1544732,83","0,0%",Serviços
PESCA,"R$ 1446241,08","0,0%",Agronegócio
PESCA,"R$ 1446241,08","0,0%",Comércio
PESCA,"R$ 1446241,08","0,0%",Indústria
PESCA,"R$ 1446241,08","0,0%",Serviços
OBRAS DE ACABAMENTO,"R$ 1345833,12","0,0%",Agronegócio
OBRAS DE ACABAMENTO,"R$ 1345833,12","0,0%",Comércio
OBRAS DE ACABAMENTO,"R$ 1345833,12","0,0%",Indústria
OBRAS DE ACABAMENTO,"R$ 1345833,12","0,0%",Serviços
ATIVIDADES DE MALOTE E DE ENTREGA,"R$ 1338646,24","0,0%",Agronegócio
ATIVIDADES DE MALOTE E DE ENTREGA,"R$ 1338646,24","0,0%",Comércio
ATIVIDADES DE MALOTE E DE ENTREGA,"R$ 1338646,24","0,0%",Indústria
ATIVIDADES DE MALOTE E DE ENTREGA,"R$ 1338646,24","0,0%",Serviços
TRANSPORTE POR NAVEGAÇÃO INTERIOR,"R$ 1295528,56","0,0%",Agronegócio
TRANSPORTE POR NAVEGAÇÃO INTERIOR,"R$ 1295528,56","0,0%",Comércio
TRANSPORTE POR NAVEGAÇÃO INTERIOR,"R$ 1295528,56","0,0%",Indústria
TRANSPORTE POR NAVEGAÇÃO INTERIOR,"R$ 1295528,56","0,0%",Serviços
OUTROS SERVIÇOS ESPECIALIZADOS PARA CONSTRUÇÃO,"R$ 1245702,63","0,0%",Agronegócio
OUTROS SERVIÇOS ESPECIALIZADOS PARA CONSTRUÇÃO,"R$ 1245702,63","0,0%",Comércio
OUTROS SERVIÇOS ESPECIALIZADOS PARA CONSTRUÇÃO,"R$ 1245702,63","0,0%",Indústria
OUTROS SERVIÇOS ESPECIALIZADOS PARA CONSTRUÇÃO,"R$ 1245702,63","0,0%",Serviços
"ATIVIDADES DE APOIO À EXTRAÇÃO DE MINERAIS, EXCETO PETRÓLEO E GÁS NATURAL","R$ 1223199,40","0,0%",Agronegócio
"ATIVIDADES DE APOIO À EXTRAÇÃO DE MINERAIS, EXCETO PETRÓLEO E GÁS NATURAL","R$ 1223199,40","0,0%",Comércio
"ATIVIDADES DE APOIO À EXTRAÇÃO DE MINERAIS, EXCETO PETRÓLEO E GÁS NATURAL","R$ 1223199,40","0,0%",Indústria
"ATIVIDADES DE APOIO À EXTRAÇÃO DE MINERAIS, EXCETO PETRÓLEO E GÁS NATURAL","R$ 1223199,40","0,0%",Serviços
OUTRAS ATIVIDADES DE ENSINO,"R$ 1085969,76","0,0%",Agronegócio
OUTRAS ATIVIDADES DE ENSINO,"R$ 1085969,76","0,0%",Comércio
OUTRAS ATIVIDADES DE ENSINO,"R$ 1085969,76","0,0%",Indústria
OUTRAS ATIVIDADES DE ENSINO,"R$ 1085969,76","0,0%",Serviços
ATIVIDADES DE CONSULTORIA EM GESTÃO EMPRESARIAL,"R$ 1060671,95","0,0%",Agronegócio
ATIVIDADES DE CONSULTORIA EM GESTÃO EMPRESARIAL,"R$ 1060671,95","0,0%",Comércio
ATIVIDADES DE CONSULTORIA EM GESTÃO EMPRESARIAL,"R$ 1060671,95","0,0%",Indústria
ATIVIDADES DE CONSULTORIA EM GESTÃO EMPRESARIAL,"R$ 1060671,95","0,0%",Serviços
"ATIVIDADES PROFISSIONAIS, CIENTÍFICAS E TÉCNICAS NÃO ESPECIFICADAS ANTERIORMENTE","R$ 1025896,13","0,0%",Agronegócio
"ATIVIDADES PROFISSIONAIS, CIENTÍFICAS E TÉCNICAS NÃO ESPECIFICADAS ANTERIORMENTE","R$ 1025896,13","0,0%",Comércio
"ATIVIDADES PROFISSIONAIS, CIENTÍFICAS E TÉCNICAS NÃO ESPECIFICADAS ANTERIORMENTE","R$ 1025896,13","0,0%",Indústria
"ATIVIDADES PROFISSIONAIS, CIENTÍFICAS E TÉCNICAS NÃO ESPECIFICADAS ANTERIORMENTE","R$ 1025896,13","0,0%",Serviços
OUTROS TRANSPORTES AQUAVIÁRIOS,"R$ 1000023,02","0,0%",Agronegócio
OUTROS TRANSPORTES AQUAVIÁRIOS,"R$ 1000023,02","0,0%",Comércio
OUTROS TRANSPORTES AQUAVIÁRIOS,"R$ 1000023,02","0,0%",Indústria
OUTROS TRANSPORTES AQUAVIÁRIOS,"R$ 1000023,02","0,0%",Serviços
ATIVIDADES DE ATENÇÃO AMBULATORIAL EXECUTADAS POR MÉDICOS E ODONTÓLOGOS,"R$ 964576,75","0,0%",Agronegócio
ATIVIDADES DE ATENÇÃO AMBULATORIAL EXECUTADAS POR MÉDICOS E ODONTÓLOGOS,"R$ 964576,75","0,0%",Comércio
ATIVIDADES DE ATENÇÃO AMBULATORIAL EXECUTADAS POR MÉDICOS E ODONTÓLOGOS,"R$ 964576,75","0,0%",Indústria
ATIVIDADES DE ATENÇÃO AMBULATORIAL EXECUTADAS POR MÉDICOS E ODONTÓLOGOS,"R$ 964576,75","0,0%",Serviços
TRATAMENTO E DISPOSIÇÃO DE RESÍDUOS,"R$ 942855,08","0,0%",Agronegócio
TRATAMENTO E DISPOSIÇÃO DE RESÍDUOS,"R$ 942855,08","0,0%",Comércio
TRATAMENTO E DISPOSIÇÃO DE RESÍDUOS,"R$ 942855,08","0,0%",Indústria
TRATAMENTO E DISPOSIÇÃO DE RESÍDUOS,"R$ 942855,08","0,0%",Serviços
HORTICULTURA E FLORICULTURA,"R$ 929626,30","0,0%",Agronegócio
HORTICULTURA E FLORICULTURA,"R$ 929626,30","0,0%",Comércio
HORTICULTURA E FLORICULTURA,"R$ 929626,30","0,0%",Indústria
HORTICULTURA E FLORICULTURA,"R$ 929626,30","0,0%",Serviços
ATIVIDADES AUXILIARES DOS TRANSPORTES TERRESTRES,"R$ 875685,95","0,0%",Agronegócio
ATIVIDADES AUXILIARES DOS TRANSPORTES TERRESTRES,"R$ 875685,95","0,0%",Comércio
ATIVIDADES AUXILIARES DOS TRANSPORTES TERRESTRES,"R$ 875685,95","0,0%",Indústria
ATIVIDADES AUXILIARES DOS TRANSPORTES TERRESTRES,"R$ 875685,95","0,0%",Serviços
ATIVIDADES VETERINÁRIAS,"R$ 872975,49","0,0%",Agronegócio
ATIVIDADES VETERINÁRIAS,"R$ 872975,49","0,0%",Comércio
ATIVIDADES VETERINÁRIAS,"R$ 872975,49","0,0%",Indústria
ATIVIDADES VETERINÁRIAS,"R$ 872975,49","0,0%",Serviços
TRANSPORTE AÉREO DE CARGA,"R$ 869281,86","0,0%",Agronegócio
TRANSPORTE AÉREO DE CARGA,"R$ 869281,86","0,0%",Comércio
TRANSPORTE AÉREO DE CARGA,"R$ 869281,86","0,0%",Indústria
TRANSPORTE AÉREO DE CARGA,"R$ 869281,86","0,0%",Serviços
DEMOLIÇÃO E PREPARAÇÃO DO TERRENO,"R$ 783220,02","0,0%",Agronegócio
DEMOLIÇÃO E PREPARAÇÃO DO TERRENO,"R$ 783220,02","0,0%",Comércio
DEMOLIÇÃO E PREPARAÇÃO DO TERRENO,"R$ 783220,02","0,0%",Indústria
DEMOLIÇÃO E PREPARAÇÃO DO TERRENO,"R$ 783220,02","0,0%",Serviços
ATIVIDADES ESPORTIVAS,"R$ 755126,17","0,0%",Agronegócio
ATIVIDADES ESPORTIVAS,"R$ 755126,17","0,0%",Comércio
ATIVIDADES ESPORTIVAS,"R$ 755126,17","0,0%",Indústria
ATIVIDADES ESPORTIVAS,"R$ 755126,17","0,0%",Serviços
PUBLICIDADE,"R$ 728410,75","0,0%",Agronegócio
PUBLICIDADE,"R$ 728410,75","0,0%",Comércio
PUBLICIDADE,"R$ 728410,75","0,0%",Indústria
PUBLICIDADE,"R$ 728410,75","0,0%",Serviços
ATIVIDADES DE TELEVISÃO,"R$ 718592,17","0,0%",Agronegócio
ATIVIDADES DE TELEVISÃO,"R$ 718592,17","0,0%",Comércio
ATIVIDADES DE TELEVISÃO,"R$ 718592,17","0,0%",Indústria
ATIVIDADES DE TELEVISÃO,"R$ 718592,17","0,0%",Serviços
"CAPTAÇÃO, TRATAMENTO E DISTRIBUIÇÃO DE ÁGUA","R$ 675562,42","0,0%",Agronegócio
"CAPTAÇÃO, TRATAMENTO E DISTRIBUIÇÃO DE ÁGUA","R$ 675562,42","0,0%",Comércio
"CAPTAÇÃO, TRATAMENTO E DISTRIBUIÇÃO DE ÁGUA","R$ 675562,42","0,0%",Indústria
"CAPTAÇÃO, TRATAMENTO E DISTRIBUIÇÃO DE ÁGUA","R$ 675562,42","0,0%",Serviços
RECONDICIONAMENTO E RECUPERAÇÃO DE MOTORES PARA VEÍCULOS AUTOMOTORES,"R$ 605212,08","0,0%",Agronegócio
RECONDICIONAMENTO E RECUPERAÇÃO DE MOTORES PARA VEÍCULOS AUTOMOTORES,"R$ 605212,08","0,0%",Comércio
RECONDICIONAMENTO E RECUPERAÇÃO DE MOTORES PARA VEÍCULOS AUTOMOTORES,"R$ 605212,08","0,0%",Indústria
RECONDICIONAMENTO E RECUPERAÇÃO DE MOTORES PARA VEÍCULOS AUTOMOTORES,"R$ 605212,08","0,0%",Serviços
EXTRAÇÃO DE MINERAIS METÁLICOS NÃO FERROSOS,"R$ 597354,48","0,0%",Agronegócio
EXTRAÇÃO DE MINERAIS METÁLICOS NÃO FERROSOS,"R$ 597354,48","0,0%",Comércio
EXTRAÇÃO DE MINERAIS METÁLICOS NÃO FERROSOS,"R$ 597354,48","0,0%",Indústria
EXTRAÇÃO DE MINERAIS METÁLICOS NÃO FERROSOS,"R$ 597354,48","0,0%",Serviços
TORREFAÇÃO E MOAGEM DE CAFÉ,"R$ 576319,81","0,0%",Agronegócio
TORREFAÇÃO E MOAGEM DE CAFÉ,"R$ 576319,81","0,0%",Comércio
TORREFAÇÃO E MOAGEM DE CAFÉ,"R$ 576319,81","0,0%",Indústria
TORREFAÇÃO E MOAGEM DE CAFÉ,"R$ 576319,81","0,0%",Serviços
ATIVIDADES DE RÁDIO,"R$ 563790,96","0,0%",Agronegócio
ATIVIDADES DE RÁDIO,"R$ 563790,96","0,0%",Comércio
ATIVIDADES DE RÁDIO,"R$ 563790,96","0,0%",Indústria
ATIVIDADES DE RÁDIO,"R$ 563790,96","0,0%",Serviços
COLETA DE RESÍDUOS,"R$ 562189,61","0,0%",Agronegócio
COLETA DE RESÍDUOS,"R$ 562189,61","0,0%",Comércio
COLETA DE RESÍDUOS,"R$ 562189,61","0,0%",Indústria
COLETA DE RESÍDUOS,"R$ 562189,61","0,0%",Serviços
ATIVIDADES DE SOCIEDADES DE PARTICIPAÇÃO,"R$ 550224,35","0,0%",Agronegócio
ATIVIDADES DE SOCIEDADES DE PARTICIPAÇÃO,"R$ 550224,35","0,0%",Comércio
ATIVIDADES DE SOCIEDADES DE PARTICIPAÇÃO,"R$ 550224,35","0,0%",Indústria
ATIVIDADES DE SOCIEDADES DE PARTICIPAÇÃO,"R$ 550224,35","0,0%",Serviços
"ATIVIDADES DE ORGANIZAÇÃO DE EVENTOS, EXCETO CULTURAIS E ESPORTIVOS","R$ 546893,77","0,0%",Agronegócio
"ATIVIDADES DE ORGANIZAÇÃO DE EVENTOS, EXCETO CULTURAIS E ESPORTIVOS","R$ 546893,77","0,0%",Comércio
"ATIVIDADES DE ORGANIZAÇÃO DE EVENTOS, EXCETO CULTURAIS E ESPORTIVOS","R$ 546893,77","0,0%",Indústria
"ATIVIDADES DE ORGANIZAÇÃO DE EVENTOS, EXCETO CULTURAIS E ESPORTIVOS","R$ 546893,77","0,0%",Serviços
TRANSPORTE DUTOVIÁRIO,"R$ 482954,59","0,0%",Agronegócio
TRANSPORTE DUTOVIÁRIO,"R$ 482954,59","0,0%",Comércio
TRANSPORTE DUTOVIÁRIO,"R$ 482954,59","0,0%",Indústria
TRANSPORTE DUTOVIÁRIO,"R$ 482954,59","0,0%",Serviços
ATIVIDADES DE RECREAÇÃO E LAZER,"R$ 479196,68","0,0%",Agronegócio
ATIVIDADES DE RECREAÇÃO E LAZER,"R$ 479196,68","0,0%",Comércio
ATIVIDADES DE RECREAÇÃO E LAZER,"R$ 479196,68","0,0%",Indústria
ATIVIDADES DE RECREAÇÃO E LAZER,"R$ 479196,68","0,0%",Serviços
LOCAÇÃO DE MEIOS DE TRANSPORTE SEM CONDUTOR,"R$ 455281,11","0,0%",Agronegócio
LOCAÇÃO DE MEIOS DE TRANSPORTE SEM CONDUTOR,"R$ 455281,11","0,0%",Comércio
LOCAÇÃO DE MEIOS DE TRANSPORTE SEM CONDUTOR,"R$ 455281,11","0,0%",Indústria
LOCAÇÃO DE MEIOS DE TRANSPORTE SEM CONDUTOR,"R$ 455281,11","0,0%",Serviços
ALUGUEL DE OBJETOS PESSOAIS E DOMÉSTICOS,"R$ 442140,79","0,0%",Agronegócio
ALUGUEL DE OBJETOS PESSOAIS E DOMÉSTICOS,"R$ 442140,79","0,0%",Comércio
ALUGUEL DE OBJETOS PESSOAIS E DOMÉSTICOS,"R$ 442140,79","0,0%",Indústria
ALUGUEL DE OBJETOS PESSOAIS E DOMÉSTICOS,"R$ 442140,79","0,0%",Serviços
OPERADORAS DE TELEVISÃO POR ASSINATURA,"R$ 410537,23","0,0%",Agronegócio
OPERADORAS DE TELEVISÃO POR ASSINATURA,"R$ 410537,23","0,0%",Comércio
OPERADORAS DE TELEVISÃO POR ASSINATURA,"R$ 410537,23","0,0%",Indústria
OPERADORAS DE TELEVISÃO POR ASSINATURA,"R$ 410537,23","0,0%",Serviços
ATIVIDADES DE MONITORAMENTO DE SISTEMAS DE SEGURANÇA,"R$ 403047,91","0,0%",Agronegócio
ATIVIDADES DE MONITORAMENTO DE SISTEMAS DE SEGURANÇA,"R$ 403047,91","0,0%",Comércio
ATIVIDADES DE MONITORAMENTO DE SISTEMAS DE SEGURANÇA,"R$ 403047,91","0,0%",Indústria
ATIVIDADES DE MONITORAMENTO DE SISTEMAS DE SEGURANÇA,"R$ 403047,91","0,0%",Serviços
ATIVIDADES FOTOGRÁFICAS E SIMILARES,"R$ 394297,97","0,0%",Agronegócio
ATIVIDADES FOTOGRÁFICAS E SIMILARES,"R$ 394297,97","0,0%",Comércio
ATIVIDADES FOTOGRÁFICAS E SIMILARES,"R$ 394297,97","0,0%",Indústria
ATIVIDADES FOTOGRÁFICAS E SIMILARES,"R$ 394297,97","0,0%",Serviços
PESQUISA E DESENVOLVIMENTO EXPERIMENTAL EM CIÊNCIAS FÍSICAS E NATURAIS,"R$ 366425,60","0,0%",Agronegócio
PESQUISA E DESENVOLVIMENTO EXPERIMENTAL EM CIÊNCIAS FÍSICAS E NATURAIS,"R$ 366425,60","0,0%",Comércio
PESQUISA E DESENVOLVIMENTO EXPERIMENTAL EM CIÊNCIAS FÍSICAS E NATURAIS,"R$ 366425,60","0,0%",Indústria
PESQUISA E DESENVOLVIMENTO EXPERIMENTAL EM CIÊNCIAS FÍSICAS E NATURAIS,"R$ 366425,60","0,0%",Serviços
ATIVIDADES DE LIMPEZA,"R$ 319722,79","0,0%",Agronegócio
ATIVIDADES DE LIMPEZA,"R$ 319722,79","0,0%",Comércio
ATIVIDADES DE LIMPEZA,"R$ 319722,79","0,0%",Indústria
ATIVIDADES DE LIMPEZA,"R$ 319722,79","0,0%",Serviços
OUTROS TIPOS DE ALOJAMENTO NÃO ESPECIFICADOS ANTERIORMENTE,"R$ 305660,07","0,0%",Agronegócio
OUTROS TIPOS DE ALOJAMENTO NÃO ESPECIFICADOS ANTERIORMENTE,"R$ 305660,07","0,0%",Comércio
OUTROS TIPOS DE ALOJAMENTO NÃO ESPECIFICADOS ANTERIORMENTE,"R$ 305660,07","0,0%",Indústria
OUTROS TIPOS DE ALOJAMENTO NÃO ESPECIFICADOS ANTERIORMENTE,"R$ 305660,07","0,0%",Serviços
ATIVIDADES PAISAGÍSTICAS,"R$ 301173,27","0,0%",Agronegócio
ATIVIDADES PAISAGÍSTICAS,"R$ 301173,27","0,0%",Comércio
ATIVIDADES PAISAGÍSTICAS,"R$ 301173,27","0,0%",Indústria
ATIVIDADES PAISAGÍSTICAS,"R$ 301173,27","0,0%",Serviços
ATIVIDADES DE ORGANIZAÇÕES ASSOCIATIVAS NÃO ESPECIFICADAS ANTERIORMENTE,"R$ 277060,48","0,0%",Agronegócio
ATIVIDADES DE ORGANIZAÇÕES ASSOCIATIVAS NÃO ESPECIFICADAS ANTERIORMENTE,"R$ 277060,48","0,0%",Comércio
ATIVIDADES DE ORGANIZAÇÕES ASSOCIATIVAS NÃO ESPECIFICADAS ANTERIORMENTE,"R$ 277060,48","0,0%",Indústria
ATIVIDADES DE ORGANIZAÇÕES ASSOCIATIVAS NÃO ESPECIFICADAS ANTERIORMENTE,"R$ 277060,48","0,0%",Serviços
DESIGN E DECORAÇÃO DE INTERIORES,"R$ 274936,26","0,0%",Agronegócio
DESIGN E DECORAÇÃO DE INTERIORES,"R$ 274936,26","0,0%",Comércio
DESIGN E DECORAÇÃO DE INTERIORES,"R$ 274936,26","0,0%",Indústria
DESIGN E DECORAÇÃO DE INTERIORES,"R$ 274936,26","0,0%",Serviços
OUTRAS ATIVIDADES DE PRESTAÇÃO DE SERVIÇOS DE INFORMAÇÃO,"R$ 269980,86","0,0%",Agronegócio
OUTRAS ATIVIDADES DE PRESTAÇÃO DE SERVIÇOS DE INFORMAÇÃO,"R$ 269980,86","0,0%",Comércio
OUTRAS ATIVIDADES DE PRESTAÇÃO DE SERVIÇOS DE INFORMAÇÃO,"R$ 269980,86","0,0%",Indústria
OUTRAS ATIVIDADES DE PRESTAÇÃO DE SERVIÇOS DE INFORMAÇÃO,"R$ 269980,86","0,0%",Serviços
FABRICAÇÃO DE PRODUTOS FARMOQUÍMICOS,"R$ 238927,26","0,0%",Agronegócio
FABRICAÇÃO DE PRODUTOS FARMOQUÍMICOS,"R$ 238927,26","0,0%",Comércio
FABRICAÇÃO DE PRODUTOS FARMOQUÍMICOS,"R$ 238927,26","0,0%",Indústria
FABRICAÇÃO DE PRODUTOS FARMOQUÍMICOS,"R$ 238927,26","0,0%",Serviços
ATIVIDADES DE ASSOCIAÇÕES DE DEFESA DE DIREITOS SOCIAIS,"R$ 229443,89","0,0%",Agronegócio
ATIVIDADES DE ASSOCIAÇÕES DE DEFESA DE DIREITOS SOCIAIS,"R$ 229443,89","0,0%",Comércio
ATIVIDADES DE ASSOCIAÇÕES DE DEFESA DE DIREITOS SOCIAIS,"R$ 229443,89","0,0%",Indústria
ATIVIDADES DE ASSOCIAÇÕES DE DEFESA DE DIREITOS SOCIAIS,"R$ 229443,89","0,0%",Serviços
FABRICAÇÃO DE AERONAVES,"R$ 225726,68","0,0%",Agronegócio
FABRICAÇÃO DE AERONAVES,"R$ 225726,68","0,0%",Comércio
FABRICAÇÃO DE AERONAVES,"R$ 225726,68","0,0%",Indústria
FABRICAÇÃO DE AERONAVES,"R$ 225726,68","0,0%",Serviços
"ATIVIDADES ARTÍSTICAS, CRIATIVAS E DE ESPETÁCULOS","R$ 203196,70","0,0%",Agronegócio
"ATIVIDADES ARTÍSTICAS, CRIATIVAS E DE ESPETÁCULOS","R$ 203196,70","0,0%",Comércio
"ATIVIDADES ARTÍSTICAS, CRIATIVAS E DE ESPETÁCULOS","R$ 203196,70","0,0%",Indústria
"ATIVIDADES ARTÍSTICAS, CRIATIVAS E DE ESPETÁCULOS","R$ 203196,70","0,0%",Serviços
"ATIVIDADES DE PROFISSIONAIS DA ÁREA DE SAÚDE, EXCETO MÉDICOS E ODONTÓLOGOS","R$ 189017,56","0,0%",Agronegócio
"ATIVIDADES DE PROFISSIONAIS DA ÁREA DE SAÚDE, EXCETO MÉDICOS E ODONTÓLOGOS","R$ 189017,56","0,0%",Comércio
"ATIVIDADES DE PROFISSIONAIS DA ÁREA DE SAÚDE, EXCETO MÉDICOS E ODONTÓLOGOS","R$ 189017,56","0,0%",Indústria
"ATIVIDADES DE PROFISSIONAIS DA ÁREA DE SAÚDE, EXCETO MÉDICOS E ODONTÓLOGOS","R$ 189017,56","0,0%",Serviços
FABRICAÇÃO DE VEÍCULOS FERROVIÁRIOS,"R$ 181338,83","0,0%",Agronegócio
FABRICAÇÃO DE VEÍCULOS FERROVIÁRIOS,"R$ 181338,83","0,0%",Comércio
FABRICAÇÃO DE VEÍCULOS FERROVIÁRIOS,"R$ 181338,83","0,0%",Indústria
FABRICAÇÃO DE VEÍCULOS FERROVIÁRIOS,"R$ 181338,83","0,0%",Serviços
PRODUÇÃO FLORESTAL - FLORESTAS NATIVAS,"R$ 176862,48","0,0%",Agronegócio
PRODUÇÃO FLORESTAL - FLORESTAS NATIVAS,"R$ 176862,48","0,0%",Comércio
PRODUÇÃO FLORESTAL - FLORESTAS NATIVAS,"R$ 176862,48","0,0%",Indústria
PRODUÇÃO FLORESTAL - FLORESTAS NATIVAS,"R$ 176862,48","0,0%",Serviços
INCORPORAÇÃO DE EMPREENDIMENTOS IMOBILIÁRIOS,"R$ 153707,66","0,0%",Agronegócio
INCORPORAÇÃO DE EMPREENDIMENTOS IMOBILIÁRIOS,"R$ 153707,66","0,0%",Comércio
INCORPORAÇÃO DE EMPREENDIMENTOS IMOBILIÁRIOS,"R$ 153707,66","0,0%",Indústria
INCORPORAÇÃO DE EMPREENDIMENTOS IMOBILIÁRIOS,"R$ 153707,66","0,0%",Serviços
FABRICAÇÃO DE INSTRUMENTOS MUSICAIS,"R$ 142063,13","0,0%",Agronegócio
FABRICAÇÃO DE INSTRUMENTOS MUSICAIS,"R$ 142063,13","0,0%",Comércio
FABRICAÇÃO DE INSTRUMENTOS MUSICAIS,"R$ 142063,13","0,0%",Indústria
FABRICAÇÃO DE INSTRUMENTOS MUSICAIS,"R$ 142063,13","0,0%",Serviços
ATIVIDADES IMOBILIÁRIAS DE IMÓVEIS PRÓPRIOS,"R$ 139775,18","0,0%",Agronegócio
ATIVIDADES IMOBILIÁRIAS DE IMÓVEIS PRÓPRIOS,"R$ 139775,18","0,0%",Comércio
ATIVIDADES IMOBILIÁRIAS DE IMÓVEIS PRÓPRIOS,"R$ 139775,18","0,0%",Indústria
ATIVIDADES IMOBILIÁRIAS DE IMÓVEIS PRÓPRIOS,"R$ 139775,18","0,0%",Serviços
ATIVIDADES AUXILIARES DOS TRANSPORTES AQUAVIÁRIOS,"R$ 100789,60","0,0%",Agronegócio
ATIVIDADES AUXILIARES DOS TRANSPORTES AQUAVIÁRIOS,"R$ 100789,60","0,0%",Comércio
ATIVIDADES AUXILIARES DOS TRANSPORTES AQUAVIÁRIOS,"R$ 100789,60","0,0%",Indústria
ATIVIDADES AUXILIARES DOS TRANSPORTES AQUAVIÁRIOS,"R$ 100789,60","0,0%",Serviços
"FABRICAÇÃO DE MÍDIAS VIRGENS, MAGNÉTICAS E ÓPTICAS","R$ 94417,67","0,0%",Agronegócio
"FABRICAÇÃO DE MÍDIAS VIRGENS, MAGNÉTICAS E ÓPTICAS","R$ 94417,67","0,0%",Comércio
"FABRICAÇÃO DE MÍDIAS VIRGENS, MAGNÉTICAS E ÓPTICAS","R$ 94417,67","0,0%",Indústria
"FABRICAÇÃO DE MÍDIAS VIRGENS, MAGNÉTICAS E ÓPTICAS","R$ 94417,67","0,0%",Serviços
NAVEGAÇÃO DE APOIO,"R$ 88729,27","0,0%",Agronegócio
NAVEGAÇÃO DE APOIO,"R$ 88729,27","0,0%",Comércio
NAVEGAÇÃO DE APOIO,"R$ 88729,27","0,0%",Indústria
NAVEGAÇÃO DE APOIO,"R$ 88729,27","0,0%",Serviços
ATIVIDADES LIGADAS AO PATRIMÔNIO CULTURAL E AMBIENTAL,"R$ 87765,18","0,0%",Agronegócio
ATIVIDADES LIGADAS AO PATRIMÔNIO CULTURAL E AMBIENTAL,"R$ 87765,18","0,0%",Comércio
ATIVIDADES LIGADAS AO PATRIMÔNIO CULTURAL E AMBIENTAL,"R$ 87765,18","0,0%",Indústria
ATIVIDADES LIGADAS AO PATRIMÔNIO CULTURAL E AMBIENTAL,"R$ 87765,18","0,0%",Serviços
AQÜICULTURA,"R$ 85721,53","0,0%",Agronegócio
AQÜICULTURA,"R$ 85721,53","0,0%",Comércio
AQÜICULTURA,"R$ 85721,53","0,0%",Indústria
AQÜICULTURA,"R$ 85721,53","0,0%",Serviços
"PRODUÇÃO E DISTRIBUIÇÃO DE VAPOR, ÁGUA QUENTE E AR CONDICIONADO","R$ 73856,46","0,0%",Agronegócio
"PRODUÇÃO E DISTRIBUIÇÃO DE VAPOR, ÁGUA QUENTE E AR CONDICIONADO","R$ 73856,46","0,0%",Comércio
"PRODUÇÃO E DISTRIBUIÇÃO DE VAPOR, ÁGUA QUENTE E AR CONDICIONADO","R$ 73856,46","0,0%",Indústria
"PRODUÇÃO E DISTRIBUIÇÃO DE VAPOR, ÁGUA QUENTE E AR CONDICIONADO","R$ 73856,46","0,0%",Serviços
ATIVIDADES DE ATENÇÃO À SAÚDE HUMANA NÃO ESPECIFICADAS ANTERIORMENTE,"R$ 69407,83","0,0%",Agronegócio
ATIVIDADES DE ATENÇÃO À SAÚDE HUMANA NÃO ESPECIFICADAS ANTERIORMENTE,"R$ 69407,83","0,0%",Comércio
ATIVIDADES DE ATENÇÃO À SAÚDE HUMANA NÃO ESPECIFICADAS ANTERIORMENTE,"R$ 69407,83","0,0%",Indústria
ATIVIDADES DE ATENÇÃO À SAÚDE HUMANA NÃO ESPECIFICADAS ANTERIORMENTE,"R$ 69407,83","0,0%",Serviços
ATIVIDADES IMOBILIÁRIAS POR CONTRATO OU COMISSÃO,"R$ 53126,25","0,0%",Agronegócio
ATIVIDADES IMOBILIÁRIAS POR CONTRATO OU COMISSÃO,"R$ 53126,25","0,0%",Comércio
ATIVIDADES IMOBILIÁRIAS POR CONTRATO OU COMISSÃO,"R$ 53126,25","0,0%",Indústria
ATIVIDADES IMOBILIÁRIAS POR CONTRATO OU COMISSÃO,"R$ 53126,25","0,0%",Serviços
LOCAÇÃO DE MÃO DE OBRA TEMPORÁRIA,"R$ 50884,77","0,0%",Agronegócio
LOCAÇÃO DE MÃO DE OBRA TEMPORÁRIA,"R$ 50884,77","0,0%",Comércio
LOCAÇÃO DE MÃO DE OBRA TEMPORÁRIA,"R$ 50884,77","0,0%",Indústria
LOCAÇÃO DE MÃO DE OBRA TEMPORÁRIA,"R$ 50884,77","0,0%",Serviços
ENSINO MÉDIO,"R$ 36432,12","0,0%",Agronegócio
ENSINO MÉDIO,"R$ 36432,12","0,0%",Comércio
ENSINO MÉDIO,"R$ 36432,12","0,0%",Indústria
ENSINO MÉDIO,"R$ 36432,12","0,0%",Serviços
SERVIÇOS DE ASSISTÊNCIA SOCIAL SEM ALOJAMENTO,"R$ 35833,83","0,0%",Agronegócio
SERVIÇOS DE ASSISTÊNCIA SOCIAL SEM ALOJAMENTO,"R$ 35833,83","0,0%",Comércio
SERVIÇOS DE ASSISTÊNCIA SOCIAL SEM ALOJAMENTO,"R$ 35833,83","0,0%",Indústria
SERVIÇOS DE ASSISTÊNCIA SOCIAL SEM ALOJAMENTO,"R$ 35833,83","0,0%",Serviços
EDUCAÇÃO INFANTIL E ENSINO FUNDAMENTAL,"R$ 34222,22","0,0%",Agronegócio
EDUCAÇÃO INFANTIL E ENSINO FUNDAMENTAL,"R$ 34222,22","0,0%",Comércio
EDUCAÇÃO INFANTIL E ENSINO FUNDAMENTAL,"R$ 34222,22","0,0%",Indústria
EDUCAÇÃO INFANTIL E ENSINO FUNDAMENTAL,"R$ 34222,22","0,0%",Serviços
GESTÃO DE ATIVOS INTANGÍVEIS NÃO FINANCEIROS,"R$ 32146,88","0,0%",Agronegócio
GESTÃO DE ATIVOS INTANGÍVEIS NÃO FINANCEIROS,"R$ 32146,88","0,0%",Comércio
GESTÃO DE ATIVOS INTANGÍVEIS NÃO FINANCEIROS,"R$ 32146,88","0,0%",Indústria
GESTÃO DE ATIVOS INTANGÍVEIS NÃO FINANCEIROS,"R$ 32146,88","0,0%",Serviços
SERVIÇOS DE RESERVAS E OUTROS SERVIÇOS DE TURISMO NÃO ESPECIFICADOS ANTERIORMENTE,"R$ 29164,57","0,0%",Agronegócio
SERVIÇOS DE RESERVAS E OUTROS SERVIÇOS DE TURISMO NÃO ESPECIFICADOS ANTERIORMENTE,"R$ 29164,57","0,0%",Comércio
SERVIÇOS DE RESERVAS E OUTROS SERVIÇOS DE TURISMO NÃO ESPECIFICADOS ANTERIORMENTE,"R$ 29164,57","0,0%",Indústria
SERVIÇOS DE RESERVAS E OUTROS SERVIÇOS DE TURISMO NÃO ESPECIFICADOS ANTERIORMENTE,"R$ 29164,57","0,0%",Serviços
ATIVIDADES AUXILIARES DOS SERVIÇOS FINANCEIROS,"R$ 23801,21","0,0%",Agronegócio
ATIVIDADES AUXILIARES DOS SERVIÇOS FINANCEIROS,"R$ 23801,21","0,0%",Comércio
ATIVIDADES AUXILIARES DOS SERVIÇOS FINANCEIROS,"R$ 23801,21","0,0%",Indústria
ATIVIDADES AUXILIARES DOS SERVIÇOS FINANCEIROS,"R$ 23801,21","0,0%",Serviços
ATIVIDADES DE GRAVAÇÃO DE SOM E DE EDIÇÃO DE MÚSICA,"R$ 23409,09","0,0%",Agronegócio
ATIVIDADES DE GRAVAÇÃO DE SOM E DE EDIÇÃO DE MÚSICA,"R$ 23409,09","0,0%",Comércio
ATIVIDADES DE GRAVAÇÃO DE SOM E DE EDIÇÃO DE MÚSICA,"R$ 23409,09","0,0%",Indústria
ATIVIDADES DE GRAVAÇÃO DE SOM E DE EDIÇÃO DE MÚSICA,"R$ 23409,09","0,0%",Serviços
SERVIÇOS COMBINADOS PARA APOIO A EDIFÍCIOS,"R$ 20177,12","0,0%",Agronegócio
SERVIÇOS COMBINADOS PARA APOIO A EDIFÍCIOS,"R$ 20177,12","0,0%",Comércio
SERVIÇOS COMBINADOS PARA APOIO A EDIFÍCIOS,"R$ 20177,12","0,0%",Indústria
SERVIÇOS COMBINADOS PARA APOIO A EDIFÍCIOS,"R$ 20177,12","0,0%",Serviços
EDUCAÇÃO PROFISSIONAL DE NÍVEL TÉCNICO E TECNOLÓGICO,"R$ 13468,96","0,0%",Agronegócio
EDUCAÇÃO PROFISSIONAL DE NÍVEL TÉCNICO E TECNOLÓGICO,"R$ 13468,96","0,0%",Comércio
EDUCAÇÃO PROFISSIONAL DE NÍVEL TÉCNICO E TECNOLÓGICO,"R$ 13468,96","0,0%",Indústria
EDUCAÇÃO PROFISSIONAL DE NÍVEL TÉCNICO E TECNOLÓGICO,"R$ 13468,96","0,0%",Serviços
ATIVIDADES DE TELEATENDIMENTO,"R$ 12268,67","0,0%",Agronegócio
ATIVIDADES DE TELEATENDIMENTO,"R$ 12268,67","0,0%",Comércio
ATIVIDADES DE TELEATENDIMENTO,"R$ 12268,67","0,0%",Indústria
ATIVIDADES DE TELEATENDIMENTO,"R$ 12268,67","0,0%",Serviços
"ATIVIDADES DE CONTABILIDADE, CONSULTORIA E AUDITORIA CONTÁBIL E TRIBUTÁRIA","R$ 8394,63","0,0%",Agronegócio
"ATIVIDADES DE CONTABILIDADE, CONSULTORIA E AUDITORIA CONTÁBIL E TRIBUTÁRIA","R$ 8394,63","0,0%",Comércio
"ATIVIDADES DE CONTABILIDADE, CONSULTORIA E AUDITORIA CONTÁBIL E TRIBUTÁRIA","R$ 8394,63","0,0%",Indústria
"ATIVIDADES DE CONTABILIDADE, CONSULTORIA E AUDITORIA CONTÁBIL E TRIBUTÁRIA","R$ 8394,63","0,0%",Serviços
ESGOTO E ATIVIDADES RELACIONADAS,"R$ 6359,31","0,0%",Agronegócio
ESGOTO E ATIVIDADES RELACIONADAS,"R$ 6359,31","0,0%",Comércio
ESGOTO E ATIVIDADES RELACIONADAS,"R$ 6359,31","0,0%",Indústria
ESGOTO E ATIVIDADES RELACIONADAS,"R$ 6359,31","0,0%",Serviços
"TRENS TURÍSTICOS, TELEFÉRICOS E SIMILARES","R$ 4117,71","0,0%",Agronegócio
"TRENS TURÍSTICOS, TELEFÉRICOS E SIMILARES","R$ 4117,71","0,0%",Comércio
"TRENS TURÍSTICOS, TELEFÉRICOS E SIMILARES","R$ 4117,71","0,0%",Indústria
"TRENS TURÍSTICOS, TELEFÉRICOS E SIMILARES","R$ 4117,71","0,0%",Serviços
ATIVIDADES DE APOIO À PRODUÇÃO FLORESTAL,"R$ 4072,85","0,0%",Agronegócio
ATIVIDADES DE APOIO À PRODUÇÃO FLORESTAL,"R$ 4072,85","0,0%",Comércio
ATIVIDADES DE APOIO À PRODUÇÃO FLORESTAL,"R$ 4072,85","0,0%",Indústria
ATIVIDADES DE APOIO À PRODUÇÃO FLORESTAL,"R$ 4072,85","0,0%",Serviços
ATIVIDADES DE APOIO À EDUCAÇÃO,"R$ 2222,40","0,0%",Agronegócio
ATIVIDADES DE APOIO À EDUCAÇÃO,"R$ 2222,40","0,0%",Comércio
ATIVIDADES DE APOIO À EDUCAÇÃO,"R$ 2222,40","0,0%",Indústria
ATIVIDADES DE APOIO À EDUCAÇÃO,"R$ 2222,40","0,0%",Serviços
"ATIVIDADES DE ORGANIZAÇÕES ASSOCIATIVAS PATRONAIS, EMPRESARIAIS E PROFISSIONAIS","R$ 1805,03","0,0%",Agronegócio
"ATIVIDADES DE ORGANIZAÇÕES ASSOCIATIVAS PATRONAIS, EMPRESARIAIS E PROFISSIONAIS","R$ 1805,03","0,0%",Comércio
"ATIVIDADES DE ORGANIZAÇÕES ASSOCIATIVAS PATRONAIS, EMPRESARIAIS E PROFISSIONAIS","R$ 1805,03","0,0%",Indústria
"ATIVIDADES DE ORGANIZAÇÕES ASSOCIATIVAS PATRONAIS, EMPRESARIAIS E PROFISSIONAIS","R$ 1805,03","0,0%",Serviços
"ATIVIDADES DE ASSISTÊNCIA A IDOSOS, DEFICIENTES FÍSICOS, IMUNODEPRIMIDOS E CONVALESCENTES, E DE INFRAESTRUTURA E APOIO A PACIENTES PRESTADAS EM RESIDÊNCIAS COLETIVAS E PARTICULARES","R$ 1297,74","0,0%",Agronegócio
"ATIVIDADES DE ASSISTÊNCIA A IDOSOS, DEFICIENTES FÍSICOS, IMUNODEPRIMIDOS E CONVALESCENTES, E DE INFRAESTRUTURA E APOIO A PACIENTES PRESTADAS EM RESIDÊNCIAS COLETIVAS E PARTICULARES","R$ 1297,74","0,0%",Comércio
"ATIVIDADES DE ASSISTÊNCIA A IDOSOS, DEFICIENTES FÍSICOS, IMUNODEPRIMIDOS E CONVALESCENTES, E DE INFRAESTRUTURA E APOIO A PACIENTES PRESTADAS EM RESIDÊNCIAS COLETIVAS E PARTICULARES","R$ 1297,74","0,0%",Indústria
"ATIVIDADES DE ASSISTÊNCIA A IDOSOS, DEFICIENTES FÍSICOS, IMUNODEPRIMIDOS E CONVALESCENTES, E DE INFRAESTRUTURA E APOIO A PACIENTES PRESTADAS EM RESIDÊNCIAS COLETIVAS E PARTICULARES","R$ 1297,74","0,0%",Serviços
PLANOS DE SAÚDE,"R$ 777,41","0,0%",Agronegócio
PLANOS DE SAÚDE,"R$ 777,41","0,0%",Comércio
PLANOS DE SAÚDE,"R$ 777,41","0,0%",Indústria
PLANOS DE SAÚDE,"R$ 777,41","0,0%",Serviços
ATIVIDADES AUXILIARES DOS TRANSPORTES AÉREOS,"R$ 216,73","0,0%",Agronegócio
ATIVIDADES AUXILIARES DOS TRANSPORTES AÉREOS,"R$ 216,73","0,0%",Comércio
ATIVIDADES AUXILIARES DOS TRANSPORTES AÉREOS,"R$ 216,73","0,0%",Indústria
ATIVIDADES AUXILIARES DOS TRANSPORTES AÉREOS,"R$ 216,73","0,0%",Serviços
"ATIVIDADES AUXILIARES DOS SEGUROS, DA PREVIDÊNCIA COMPLEMENTAR E DOS PLANOS DE SAÚDE","R$ 43,61","0,0%",Agronegócio
"ATIVIDADES AUXILIARES DOS SEGUROS, DA PREVIDÊNCIA COMPLEMENTAR E DOS PLANOS DE SAÚDE","R$ 43,61","0,0%",Comércio
"ATIVIDADES AUXILIARES DOS SEGUROS, DA PREVIDÊNCIA COMPLEMENTAR E DOS PLANOS DE SAÚDE","R$ 43,61","0,0%",Indústria
"ATIVIDADES AUXILIARES DOS SEGUROS, DA PREVIDÊNCIA COMPLEMENTAR E DOS PLANOS DE SAÚDE","R$ 43,61","0,0%",Serviços
REPRODUÇÃO DE MATERIAIS GRAVADOS EM QUALQUER SUPORTE,"R$ 6,96","0,0%",Agronegócio
REPRODUÇÃO DE MATERIAIS GRAVADOS EM QUALQUER SUPORTE,"R$ 6,96","0,0%",Comércio
REPRODUÇÃO DE MATERIAIS GRAVADOS EM QUALQUER SUPORTE,"R$ 6,96","0,0%",Indústria
REPRODUÇÃO DE MATERIAIS GRAVADOS EM QUALQUER SUPORTE,"R$ 6,96","0,0%",Serviços
